,t-SNE 1,t-SNE 2
E0_234,-7.769732,0.90703857
E1_642,17.213057,-2.649476
E2_612,9.341054,-0.78413457
E3_772,18.062147,-2.728293
E4_467,4.631544,1.6657205
E5_119,-13.2563305,1.365924
E6_719,10.838259,0.33136597
E7_318,-5.3864627,1.8909421
E8_70,-16.255436,0.52577275
E9_774,15.553752,-1.4468147
E10_418,0.4292329,-4.416962
E11_389,-0.38179502,4.014128
E12_383,0.21812783,-4.396169
E13_651,10.892637,-0.8523027
E14_764,17.176573,-1.993644
E15_692,18.20488,-1.2847658
E16_92,-16.596853,1.7577364
E17_799,14.462682,-0.9373748
E18_434,-0.2825305,-4.2978935
E19_556,3.4052844,-3.441338
E20_225,-6.4791226,0.6997434
E21_631,10.114426,-0.6241138
E22_749,18.157005,-1.2099398
E23_747,16.392757,-1.5177214
E24_271,-5.727689,2.239453
E25_385,0.9429862,3.5475693
E26_706,6.5996194,-0.5315593
E27_409,0.33493045,-4.25175
E28_595,5.410487,-1.5831035
E29_279,-5.397074,0.7278388
E30_10,-18.703594,1.815698
E31_561,14.183555,-0.6980731
E32_168,-6.8299446,0.95822775
E33_434,1.4863565,-3.800593
E34_25,-17.608492,1.8458102
E35_513,6.939991,-0.5786398
E36_34,-16.801666,1.1141148
E37_641,11.781939,-1.4525588
E38_637,11.233916,-0.35908473
E39_296,-2.7897186,1.7671978
E40_370,-0.5030506,-3.4295974
E41_624,13.351126,-0.7105649
E42_183,-14.135295,1.4254707
E43_418,-0.82531697,3.6129386
E44_741,16.119276,-2.7316303
E45_123,-12.731853,1.1183033
E46_498,1.6845068,4.242104
E47_162,-6.2513585,1.0851915
E48_251,-5.373434,0.96766204
E49_633,11.415575,-0.07795362
E50_517,3.842087,-3.0192578
E51_102,-14.186952,0.88034785
E52_37,-16.062346,0.8411525
E53_765,18.400429,-2.5860305
E54_218,-6.459508,1.777786
E55_111,-16.763887,1.8376639
E56_475,-3.2367742,-1.8445967
E57_269,-2.2956154,-3.4674215
E58_708,18.1496,-1.1834643
E59_776,17.660177,-1.8360329
E60_39,-17.524221,1.1806263
E61_272,-1.6663312,3.5334365
E62_374,1.124839,4.2757826
E63_59,-17.932499,1.564792
E64_370,-2.489388,-0.71191406
E65_71,-17.967964,1.0455775
E66_333,0.5557804,3.9908462
E67_319,-2.618049,0.03736967
E68_318,-1.4897323,-3.2648346
E69_734,17.320112,-1.6365527
E70_739,13.446422,-1.1515241
E71_281,-3.8852882,-0.6596548
E72_281,-2.1916645,-1.6617386
E73_502,4.2232857,-2.3943887
E74_773,17.015629,-2.4034605
E75_515,6.937395,-1.9108802
E76_263,-5.3839297,2.241417
E77_630,11.508181,-0.072104186
E78_557,9.373826,-2.4638128
E79_462,1.0917773,2.9158068
E80_685,13.725811,-1.3842576
E81_37,-15.7770605,-0.029465545
E82_787,15.061975,-1.6298188
E83_232,-9.196067,1.1597279
E84_508,5.083392,1.62835
E85_309,-2.3434815,-3.0910358
E86_479,0.14884959,-3.9392507
E87_5,-18.91824,2.1875012
E88_0,-19.233862,2.30887
E89_98,-13.2383585,2.1241074
E90_239,-5.825894,0.9251776
E91_735,17.682135,-2.2444227
E92_188,-11.820147,1.1757863
E93_603,7.043786,-0.5322827
E94_631,10.301159,-0.6155646
E95_483,9.21621,-0.78731614
E96_227,-4.7546477,2.0677857
E97_405,2.7596502,3.120153
E98_779,14.300417,-1.632823
E99_250,-6.4683166,1.3420607
E100_207,-4.940947,0.95410687
E101_777,15.082201,-1.139767
E102_522,3.4541845,3.229914
E103_376,-0.3829761,3.9896848
E104_394,0.041686766,-4.124777
E105_579,9.2097435,0.97993296
E106_389,2.7453675,-3.2689922
E107_561,9.791194,-1.0914388
E108_306,-5.7940416,2.1233752
E109_246,-6.934444,1.1065325
E110_776,18.524578,-1.0546682
E111_476,4.738046,1.6158319
E112_486,2.6335604,3.1418092
E113_200,-7.011228,0.26267076
E114_235,-2.5449445,1.2902398
E115_150,-11.625359,1.6442714
E116_736,13.028193,-1.6853106
E117_349,0.060040634,3.642832
E118_427,3.6274295,-3.0354853
E119_105,-13.811637,1.4753903
E120_139,-12.5580225,1.2157028
E121_363,-1.6419877,-3.0645313
E122_206,-10.065359,1.1142268
E123_617,9.841491,0.9363109
E124_137,-11.872924,0.5258261
E125_88,-18.312412,0.8262351
E126_492,2.488587,-3.4809225
E127_211,-10.234682,0.7159411
E128_555,10.05876,-1.8740834
E129_36,-18.376232,1.0632743
E130_471,1.9280257,4.413185
E131_749,13.447713,-1.043134
E132_37,-16.916943,1.6761522
E133_665,13.124789,-1.6146382
E134_427,-0.16908291,-4.2321405
E135_374,0.96768725,3.8290377
E136_764,17.829432,-2.1694715
E137_301,-5.062338,1.7404023
E138_329,-3.8282561,1.2721331
E139_784,18.087212,-1.7283654
E140_367,0.48277563,-4.044797
E141_419,0.51828897,-3.7717886
E142_750,10.000023,-0.90195096
E143_207,-5.8625865,0.87577134
E144_130,-10.73946,1.0025414
E145_334,-2.9714055,0.6860024
E146_195,-7.655307,1.1571769
E147_613,13.729111,-1.5665892
E148_73,-16.142708,1.1773636
E149_785,14.387226,-0.99530923
E150_224,-6.858312,-0.11470176
E151_490,0.63083214,-4.5010962
E152_388,0.10401612,-3.9032707
E153_333,-2.2444398,2.9639184
E154_314,-2.1337495,-3.4604766
E155_202,-7.08844,1.3422272
E156_467,1.6545686,4.170531
E157_187,-11.271287,0.090720005
E158_772,17.113424,-1.3817146
E159_143,-11.102942,0.8088091
E160_308,-2.2183788,-2.670862
E161_396,-1.1817209,3.5940626
E162_154,-12.28418,1.2556299
E163_296,-1.9032732,-1.8537248
E164_147,-10.85213,0.56915
E165_178,-10.824778,0.0017526757
E166_24,-17.166748,0.667058
E167_699,14.562401,-2.47602
E168_155,-12.241025,1.2496014
E169_378,-1.5350097,3.2606003
E170_455,1.0507886,-3.7130919
E171_129,-14.511849,0.68379265
E172_585,6.5745544,1.2811555
E173_66,-18.350388,0.96537375
E174_686,9.808666,-0.89506394
E175_374,-0.73468834,3.741295
E176_183,-11.201029,1.1391628
E177_29,-17.495928,0.8608203
E178_446,-0.3901489,3.6385114
E179_652,12.879214,-1.5970368
E180_151,-12.222634,1.2611773
E181_138,-11.856339,0.037335515
E182_714,18.1129,-1.3824482
E183_771,15.229826,-1.9418356
E184_456,1.0583715,4.041181
E185_133,-11.403413,0.5721463
E186_466,0.63955677,-4.4947615
E187_678,14.887829,-1.9595579
E188_338,-1.1151435,-2.3874383
E189_650,12.130003,-0.46096992
E190_775,15.236596,-2.2642674
E191_39,-16.271864,0.90473473
E192_19,-18.544035,1.3204936
E193_706,8.416003,-0.74074566
E194_434,1.0172826,3.579365
E195_736,17.832573,-1.8360559
E196_558,10.43634,-1.1806811
E197_435,-1.4716291,-2.88608
E198_577,1.2469615,-4.4512086
E199_212,-9.150071,0.86547685
E200_447,3.124383,3.009876
E201_570,5.9243636,1.7487663
E202_670,7.7767916,0.70963305
E203_45,-15.80488,0.6447188
E204_707,16.241442,-1.7673697
E205_433,0.8352133,-3.9597433
E206_206,-6.4720263,0.4674233
E207_775,15.025208,-1.9615781
E208_795,14.644593,-1.1805193
E209_615,10.248069,-0.032824326
E210_571,5.1915126,0.85298985
E211_256,-5.0592613,1.649504
E212_595,13.847369,-1.1426342
E213_203,-6.5939646,0.8365718
E214_383,-1.7935996,-2.8405423
E215_438,-1.7005405,-2.7532063
E216_412,-0.56886476,-4.1457496
E217_541,9.303834,-0.6960298
E218_279,-1.6000853,3.5846531
E219_439,-2.9580255,2.2859585
E220_150,-11.855161,0.5059777
E221_262,-5.799032,0.69259757
E222_483,2.6236055,-3.3349633
E223_677,15.198643,-1.0842017
E224_109,-17.324636,0.83021885
E225_142,-11.780045,1.7388976
E226_615,6.8363223,-0.2742081
E227_572,7.212912,-0.67321944
E228_205,-6.1033087,0.3623493
E229_634,11.762376,-2.7237098
E230_419,3.4235253,-3.3875515
E231_576,3.9549656,-2.6653087
E232_7,-18.788134,2.1846929
E233_242,-5.3211026,0.13719003
E234_452,1.6412538,-3.9040852
E235_376,0.33175576,-3.9968836
E236_390,0.66629404,3.4654055
E237_706,13.226912,-1.352775
E238_726,15.274809,-1.4895792
E239_113,-14.691652,1.197013
E240_160,-11.67187,1.0292469
E241_558,2.146242,3.2470167
E242_326,-2.4898334,-3.0343518
E243_276,-5.2042613,0.83781785
E244_242,-6.293408,1.6253693
E245_7,-19.166481,1.7106661
E246_173,-11.0889225,0.2310821
E247_591,10.911922,0.21452421
E248_144,-10.858693,0.030719006
E249_50,-17.47059,1.9153092
E250_245,-5.897554,2.0328481
E251_322,-2.1209507,-3.5616732
E252_640,9.354775,-1.6506559
E253_305,-2.1075306,-2.002225
E254_467,3.2858806,2.7445476
E255_169,-7.58804,0.79103017
E256_262,-5.4312515,1.1597445
E257_724,17.99396,-2.460273
E258_744,18.622892,-2.1577888
E259_195,-11.565712,0.79743576
E260_269,-2.174895,-0.7612428
E261_627,10.941177,-1.0822415
E262_770,18.463873,-1.9056019
E263_542,4.1790266,-2.7202113
E264_69,-16.00681,0.6072355
E265_71,-15.755178,0.35759446
E266_629,6.0058236,1.1170874
E267_771,16.307959,-1.920075
E268_37,-16.66985,0.5487722
E269_327,-0.46606812,-4.035584
E270_116,-13.848555,0.529466
E271_634,13.729001,-1.9535781
E272_42,-15.982063,1.0814011
E273_117,-16.025505,1.4824721
E274_519,4.100288,-2.874652
E275_290,-1.9215432,-3.6523447
E276_363,0.47766712,-4.644998
E277_109,-15.4059925,0.9093741
E278_258,-5.773261,0.9698912
E279_295,-1.7500893,-3.5016325
E280_633,12.71367,-1.0875511
E281_489,4.930016,-3.0473013
E282_576,11.166414,-0.12285345
E283_386,0.8117853,3.803933
E284_748,15.924943,-1.7558837
E285_328,-1.7715391,-2.9582314
E286_77,-17.5578,2.0848126
E287_473,11.522678,-1.1330754
E288_719,18.106003,-1.3693104
E289_107,-15.845412,1.3130546
E290_516,6.9829073,0.0059955963
E291_670,7.3658447,-0.5973824
E292_239,-12.59649,0.5997363
E293_457,-0.010795538,-4.1145964
E294_607,9.954674,-0.90340245
E295_150,-14.545868,0.59191453
E296_312,0.5340201,3.7347667
E297_279,-6.4343233,-0.06917968
E298_166,-8.311869,1.3123223
E299_571,3.2536547,2.9022667
E300_243,-6.572596,0.93020934
E301_743,3.6886113,-2.6956968
E302_546,4.3013225,1.9749986
E303_495,1.3817819,3.1643395
E304_233,-9.794012,0.9405052
E305_736,14.130061,-1.1370487
E306_469,2.8313382,2.8896132
E307_734,16.253935,-1.4254268
E308_345,-2.275928,0.22350994
E309_65,-19.12403,1.7921739
E310_761,10.304336,-0.28344008
E311_396,-1.2595243,3.3028877
E312_108,-12.319968,1.3869357
E313_135,-16.117744,1.6353011
E314_546,9.475711,0.806907
E315_450,0.8545708,-4.006743
E316_507,0.5223237,-3.7318206
E317_730,14.522578,-1.4624949
E318_618,5.327053,0.7517361
E319_471,9.327038,-2.1910002
E320_464,3.1554213,-3.4043472
E321_286,-0.68873966,4.4950833
E322_505,3.5499136,-3.0611696
E323_570,13.264817,-1.0471643
E324_645,14.567121,-1.84196
E325_745,18.134146,-2.2711706
E326_723,14.639547,-1.3094354
E327_720,11.684432,-0.8770839
E328_752,17.974953,-1.5688013
E329_356,-2.0523036,-2.9452755
E330_626,8.020409,-0.55833995
E331_232,-6.1728134,2.3961983
E332_158,-10.466798,0.45224604
E333_264,-2.4171407,2.3405006
E334_231,-6.497354,0.8215176
E335_787,18.147392,-1.2104201
E336_170,-11.305421,1.0566875
E337_0,-19.233862,2.3088698
E338_82,-16.310776,1.9184034
E339_228,-8.0477495,0.8728291
E340_674,14.249067,-1.5894864
E341_621,9.57313,-0.864565
E342_490,1.2041768,-4.0240583
E343_92,-16.37424,-0.05455222
E344_303,-2.7355275,-2.562487
E345_457,8.82188,1.1243138
E346_142,-11.736309,1.1677536
E347_726,6.61513,-0.87620485
E348_184,-9.7343025,0.63669395
E349_734,18.644117,-2.0031223
E350_742,11.698867,-1.0684705
E351_506,5.835462,-1.4630128
E352_7,-18.485903,2.4002273
E353_187,-9.117422,1.4828686
E354_97,-16.170843,1.2994494
E355_430,3.2077734,-3.137147
E356_638,13.348331,-2.4330769
E357_493,3.6854377,-3.1427627
E358_7,-18.656584,2.107861
E359_205,-9.088927,1.3464208
E360_426,1.5002891,-3.6266797
E361_611,10.913068,-0.41346008
E362_226,-5.394605,1.3677382
E363_211,-10.263367,0.47430032
E364_51,-17.50726,1.1325239
E365_419,3.636093,2.6477475
E366_674,13.692335,-1.3933518
E367_669,10.47739,-0.37746143
E368_189,-10.007678,1.0588177
E369_202,-6.352954,1.4965974
E370_128,-13.557995,1.345105
E371_198,-8.916475,0.045839664
E372_235,-6.280391,0.42597616
E373_76,-16.356817,0.17275998
E374_62,-16.936901,0.42494777
E375_769,18.177979,-2.5835705
E376_246,-5.348986,0.6737899
E377_670,13.927031,-0.6564329
E378_258,-2.5088954,2.959921
E379_261,-2.295323,-2.72942
E380_484,2.6272175,-3.48115
E381_649,10.046712,-0.03243698
E382_563,4.602163,1.9147049
E383_737,18.07702,-2.4213321
E384_248,-5.9715495,2.6431682
E385_702,15.501588,-1.2368456
E386_311,-1.7781596,-2.9391696
E387_433,1.882106,4.1750526
E388_573,10.857243,-0.16642976
E389_418,-0.68589497,4.0951934
E390_447,4.141773,1.5022382
E391_427,0.48595452,4.154277
E392_514,3.612339,2.5212338
E393_387,-1.0773245,-4.495693
E394_207,-6.722839,0.34595126
E395_356,-0.4785885,-4.212489
E396_265,-5.5198946,1.7696505
E397_794,10.61488,-1.1035892
E398_122,-11.973246,0.44634274
E399_555,11.007557,-0.5932893
E400_190,-9.983646,0.5237237
E401_315,0.24368154,-3.6896944
E402_24,-18.380724,0.9849579
E403_709,10.251552,-1.2038563
E404_746,10.669737,-0.6324137
E405_208,-5.554029,1.126077
E406_511,4.869966,2.159179
E407_725,16.824848,-2.1825316
E408_619,13.69096,-1.7355165
E409_56,-16.95985,0.5989498
E410_615,9.024615,-0.6378332
E411_77,-17.246136,0.7540315
E412_456,3.931065,-3.0144784
E413_586,14.535594,-2.1603005
E414_77,-16.838272,0.22811358
E415_528,4.3268776,-2.981514
E416_356,-1.9051017,3.236939
E417_79,-15.541846,0.3262293
E418_583,11.3561,-1.5069765
E419_792,10.918872,-1.0807127
E420_37,-16.204376,1.3383865
E421_158,-12.553523,0.7789214
E422_521,5.5560546,-0.13431036
E423_354,-0.1806489,3.6144269
E424_305,-0.87020475,3.2012303
E425_538,4.293375,1.9032401
E426_526,5.1831098,1.1766983
E427_738,13.408811,-0.84253216
E428_371,-1.9111958,-3.6034362
E429_474,-2.420316,0.56194985
E430_373,-0.6503702,-3.618059
E431_58,-17.86196,1.953734
E432_106,-15.434108,0.5221489
E433_254,-13.058716,1.4611216
E434_541,0.110616565,-4.786777
E435_147,-12.119591,0.8375402
E436_312,-4.3815656,2.2457113
E437_366,-1.7321025,-3.7364242
E438_637,11.688483,-1.1816328
E439_688,3.0141866,3.045823
E440_589,5.0868516,-1.7990277
E441_291,-6.136093,0.71356875
E442_195,-5.5425735,0.3950816
E443_742,18.346663,-1.55155
E444_348,-0.9436003,3.5381913
E445_279,-5.9126987,1.7135597
E446_143,-9.996697,1.1221632
E447_770,14.010554,-2.1778078
E448_108,-17.695374,2.2215428
E449_490,4.9095573,1.4452978
E450_746,14.68241,-1.3758795
E451_225,-4.8581676,1.6909218
E452_449,3.2935703,-3.1895819
E453_382,-0.8638752,-4.192689
E454_387,0.63111305,3.5212586
E455_259,-2.947066,-2.459421
E456_42,-15.96426,0.3978923
E457_61,-16.058561,0.8989313
E458_381,2.1051414,3.8652442
E459_209,-6.8440175,1.6464064
E460_790,17.974483,-1.8673648
E461_742,15.131136,-2.2647834
E462_211,-6.246522,1.2324244
E463_619,15.055288,-1.6142403
E464_158,-13.6977215,0.8851727
E465_31,-16.928196,0.8149257
E466_557,3.7005243,-3.0759344
E467_613,10.968365,-0.75842863
E468_309,-1.5111548,3.6030765
E469_751,17.60452,-1.894205
E470_429,4.4188733,2.0507507
E471_679,12.545819,-1.2904279
E472_784,18.179476,-1.4831425
E473_105,-11.542511,0.06314588
E474_472,3.6896298,-2.9712286
E475_25,-17.685997,1.6746088
E476_318,-3.906221,-1.8418468
E477_704,15.861546,-1.400536
E478_396,-0.54830813,4.0745234
E479_170,-8.465927,0.8660714
E480_296,-2.213899,-0.9899288
E481_530,6.4295077,0.752743
E482_208,-9.944539,0.86908793
E483_773,17.939487,-2.7632987
E484_442,1.8011591,3.9148257
E485_189,-5.2712693,1.5173378
E486_181,-10.850039,1.3447654
E487_764,15.005916,-1.8843337
E488_708,18.154184,-1.4467996
E489_411,1.7581861,3.6039321
E490_390,-0.015846739,2.7710752
E491_607,12.866384,-1.4859371
E492_612,10.655756,-0.50540215
E493_272,-4.321246,0.3169006
E494_115,-15.916566,-0.03811566
E495_304,-3.1058433,1.1789805
E496_738,18.641085,-2.1117032
E497_155,-12.120359,0.88349336
E498_41,-17.25153,1.4468583
E499_34,-16.794989,0.7081374
E500_718,11.185545,0.21068567
E501_136,-12.706542,0.46559373
E502_605,5.671568,-0.16835184
E503_725,14.106449,-2.228073
E504_424,-0.62114674,-3.7888155
E505_782,18.338766,-2.378676
E506_683,15.81371,-2.0937128
E507_620,9.27874,-1.1163898
E508_705,7.5498104,-0.6775842
E509_108,-16.730991,1.5503656
E510_377,0.80736667,3.938471
E511_208,-5.702115,0.95535314
E512_645,10.03829,-0.10513312
E513_202,-5.450787,1.1264585
E514_12,-18.117483,0.79994065
E515_500,10.576689,-0.70166194
E516_559,5.514307,-1.7489573
E517_582,6.205194,-0.03965977
E518_607,10.452077,-0.33885762
E519_779,17.024279,-2.2309768
E520_142,-12.808288,1.0363264
E521_446,3.3438568,2.8863263
E522_709,16.490648,-2.007108
E523_796,18.276056,-2.4781916
E524_733,17.714954,-1.4655082
E525_176,-11.111627,2.0167747
E526_38,-17.34468,0.41375437
E527_574,6.616508,-0.53460395
E528_537,10.20608,-1.9826707
E529_728,17.829117,-1.2264726
E530_314,-1.2750982,3.4060667
E531_750,17.266521,-1.897539
E532_623,10.504871,-0.20107025
E533_489,1.4597869,4.1537557
E534_267,-5.309628,2.5778775
E535_637,18.097994,-2.016097
E536_41,-17.836685,1.2279396
E537_552,3.7884057,-3.029902
E538_680,12.095455,-1.5625361
E539_69,-16.100504,1.6314129
E540_23,-18.55255,1.940529
E541_583,10.121627,-0.82042813
E542_322,-2.867142,-2.542865
E543_406,0.07966815,-3.823254
E544_323,-0.36301264,3.5996633
E545_299,-10.601952,1.0417787
E546_158,-11.036247,1.4776341
E547_104,-13.674194,0.20734331
E548_129,-13.00321,0.7140954
E549_353,-0.038300265,-4.3527055
E550_431,-2.2950668,-2.9264486
E551_273,-4.8760514,2.2652307
E552_59,-16.775385,0.18368189
E553_463,4.6065273,1.8159935
E554_649,9.842526,-0.38007858
E555_189,-12.703169,0.9143518
E556_117,-12.231501,1.2971973
E557_156,-6.715352,1.6995307
E558_788,15.0719595,-1.823393
E559_554,0.62982833,-4.7004275
E560_493,4.6861534,0.91236454
E561_392,-3.8767164,-0.29443896
E562_427,0.5926681,4.0262575
E563_80,-13.311619,1.0353928
E564_285,-5.733594,1.8352302
E565_112,-12.931365,0.31431067
E566_125,-15.807777,1.6382782
E567_773,16.838528,-1.4771699
E568_586,10.35464,-0.05281946
E569_587,10.962076,-0.47155875
E570_577,9.206099,-0.53215677
E571_738,11.306206,-1.6015947
E572_415,1.2729441,3.4470725
E573_625,10.571419,-0.9588725
E574_14,-18.472155,1.3662828
E575_52,-15.907709,0.913155
E576_95,-13.431574,0.7222785
E577_350,-1.952562,2.6626086
E578_44,-16.870058,0.33312657
E579_609,3.8486035,-2.5900562
E580_130,-13.797429,1.4557725
E581_659,11.54604,-0.7608007
E582_522,9.446643,-1.1577866
E583_252,-5.418314,2.1354585
E584_610,9.865793,-0.51568997
E585_733,18.337366,-2.3382087
E586_10,-18.953585,1.2515476
E587_438,0.53746563,-4.2883554
E588_538,5.894037,0.9234486
E589_428,1.420003,3.4620922
E590_67,-16.257292,2.1557858
E591_220,-5.3526206,2.234747
E592_122,-13.330481,1.1575171
E593_530,4.0386906,-2.766373
E594_498,-2.2899275,-0.44015166
E595_312,-0.64867616,-3.0398264
E596_707,13.634228,-1.6074052
E597_414,-1.2546048,4.106933
E598_207,-7.3487835,1.5921493
E599_185,-15.4771185,0.30697507
E600_361,-1.3953426,-3.9976652
E601_719,12.050625,-1.1244162
E602_373,-1.0662572,-2.7837179
E603_17,-18.312143,0.56617224
E604_265,-5.503022,2.8302648
E605_11,-18.523651,2.004262
E606_460,-1.0026374,-3.7459095
E607_546,6.7487082,-0.5014077
E608_542,4.7528615,1.7718643
E609_669,14.2879,-0.7708603
E610_491,1.3088704,-4.0724435
E611_639,8.511948,-0.9778248
E612_379,1.314306,4.0992293
E613_433,2.0314593,4.06073
E614_653,13.538281,-1.3491497
E615_357,-1.4363449,3.705452
E616_530,4.762109,-1.1378098
E617_646,10.706531,-1.1502578
E618_777,17.721325,-1.3958791
E619_672,17.910984,-1.0033661
E620_313,-5.076546,0.63910544
E621_105,-17.381939,2.0068212
E622_284,-5.0944247,2.0395646
E623_351,0.24649203,3.6014597
E624_19,-18.690916,1.1986737
E625_191,-5.156109,1.5192491
E626_561,11.886717,-1.3875678
E627_338,-1.2572138,3.5359416
E628_434,2.0416644,3.554285
E629_513,6.7039447,-2.2006235
E630_352,0.018620834,3.557354
E631_391,0.16435117,-4.725274
E632_430,1.509548,4.3912945
E633_718,14.358023,-1.0169144
E634_379,-2.4312863,-3.187913
E635_105,-16.562475,1.903664
E636_724,9.581171,-0.9065641
E637_529,8.850821,-0.98530555
E638_417,0.11055094,-3.7042603
E639_597,5.5289106,0.347427
E640_753,18.370966,-2.2303488
E641_412,-1.8146559,-3.1296558
E642_379,1.7403145,3.9681842
E643_101,-16.465021,0.9119728
E644_719,18.394718,-2.438509
E645_366,0.16642465,-4.2915344
E646_112,-12.335014,1.1105059
E647_759,15.508912,-1.4816939
E648_118,-12.167895,1.4445773
E649_141,-8.281441,1.2190931
E650_119,-11.498207,0.92313355
E651_387,0.01687038,3.6873085
E652_339,-1.5984672,-2.2786152
E653_789,10.9635515,-1.8297317
E654_166,-9.55201,1.3224356
E655_302,-5.6329265,1.5652997
E656_33,-16.988512,1.1712973
E657_121,-16.245907,1.0838186
E658_642,9.702117,-1.1426369
E659_194,-6.3026342,0.8240559
E660_462,1.0881671,-3.792236
E661_468,10.437389,-0.75146204
E662_407,0.15780894,-3.701623
E663_569,4.425221,2.4732697
E664_261,-5.5829268,1.3319416
E665_776,18.369358,-2.1216936
E666_656,14.152406,-1.1953374
E667_767,15.75261,-2.1816833
E668_351,-1.760909,-2.685509
E669_398,-1.4868363,-3.6124356
E670_694,12.931127,-0.592158
E671_241,-11.928222,1.0039904
E672_401,-1.5294249,1.7020493
E673_551,3.743945,-3.2048197
E674_141,-12.4043455,1.7384866
E675_242,-3.2862458,2.569611
E676_365,-1.178237,3.6481962
E677_66,-17.659962,0.8539427
E678_184,-11.273824,1.0404507
E679_347,-5.5525813,0.42991012
E680_380,-0.9487651,-4.0311794
E681_246,-5.5372925,1.2583306
E682_627,15.107723,-1.3556591
E683_367,-0.18064018,3.6906025
E684_779,18.044413,-2.2340293
E685_245,-7.470096,1.103606
E686_176,-5.2755995,1.7571884
E687_669,12.767053,-1.3389481
E688_200,-6.22438,0.78355485
E689_140,-14.566001,1.9018569
E690_679,15.143645,-1.2023484
E691_57,-16.989231,1.4679002
E692_430,-3.692008,-1.1953403
E693_739,15.681233,-2.0094895
E694_610,10.583318,0.14056985
E695_144,-13.730117,1.2109221
E696_61,-18.263931,1.0265479
E697_117,-15.475734,-0.35271466
E698_504,1.5789659,3.4984992
E699_202,-6.0793,0.59458715
E700_437,0.47584617,3.770774
E701_685,18.599316,-1.6239506
E702_209,-5.86801,1.9666327
E703_485,4.8962374,0.8038853
E704_265,-7.41977,0.28285652
E705_10,-18.846884,1.8964037
E706_23,-17.895012,0.8157626
E707_740,10.010154,-0.7892875
E708_263,-5.5157533,2.1204226
E709_199,-9.6648035,0.92998576
E710_220,-6.332046,2.1075013
E711_793,18.6459,-2.5383904
E712_519,1.4476746,3.6562955
E713_505,3.4694843,-2.7945623
E714_14,-18.115208,2.1892295
E715_316,-2.396951,-1.9066746
E716_408,0.47764,3.9050148
E717_340,-2.1878164,-1.7004695
E718_533,8.684787,-0.8004103
E719_249,-4.3740325,2.0317671
E720_11,-18.449581,1.5533733
E721_556,0.6179598,-4.1411996
E722_124,-13.010042,1.4353865
E723_678,15.171392,-1.9256774
E724_418,-1.1326505,-3.681225
E725_111,-13.179366,1.4021773
E726_181,-8.254085,1.2298985
E727_611,17.231058,-1.7454653
E728_113,-15.393778,0.88570905
E729_19,-18.118744,1.5442101
E730_621,9.090567,-0.49207643
E731_354,-2.8991714,-2.7834108
E732_450,2.6616974,3.0414834
E733_401,0.35084596,4.0376887
E734_547,12.329608,-0.6114258
E735_570,4.9053717,2.0331278
E736_603,3.0690176,2.804234
E737_62,-16.732252,0.5220977
E738_586,5.2182055,0.8877506
E739_201,-10.810718,0.72773916
E740_598,10.5335045,-0.4664215
E741_304,-0.9537895,3.8301015
E742_147,-16.618948,0.21505237
E743_574,0.85956264,-3.9211154
E744_323,-3.3632429,-2.1512482
E745_536,10.911563,-0.26409388
E746_507,10.538866,-0.5642629
E747_121,-11.716226,1.0493597
E748_39,-18.981052,1.3608742
E749_650,12.968248,-0.9625278
E750_72,-16.411493,0.7315829
E751_354,-5.3762364,0.7794637
E752_253,-5.685492,0.24406247
E753_760,16.56628,-1.7098603
E754_146,-11.927214,1.679586
E755_225,-4.6032815,-1.2570121
E756_468,-3.033148,2.4442358
E757_418,-2.2111957,-1.1351917
E758_350,0.28037328,4.06974
E759_698,12.766728,-1.4073701
E760_146,-12.796785,0.18014953
E761_230,-4.9343853,1.1533722
E762_272,-5.457593,2.1142368
E763_297,-8.732787,-0.08824256
E764_63,-18.420662,1.4865725
E765_521,4.2161674,2.0854135
E766_0,-19.233862,2.30887
E767_93,-13.683339,0.85841906
E768_585,5.1472535,1.5082443
E769_786,14.476901,-1.3774017
E770_202,-5.834891,1.9199175
E771_221,-11.174296,1.88703
E772_411,-2.8056526,0.3245712
E773_87,-17.504818,0.27625218
E774_154,-11.843846,0.10003326
E775_477,1.1687282,3.797963
E776_603,9.990168,-0.3278953
E777_213,-10.53038,0.6836358
E778_63,-15.963232,0.593099
E779_615,12.528372,-1.0001626
E780_130,-11.302733,1.2819519
E781_607,10.932596,-0.051983383
E782_630,13.844553,-2.333383
E783_94,-12.935807,1.152075
E784_774,17.893042,-2.593132
E785_21,-18.87329,1.5109549
E786_450,1.5320653,-4.1237693
E787_655,13.206877,-1.0822963
E788_272,-4.994232,0.8885472
E789_632,14.150997,-1.0934241
E790_645,11.575112,-0.5367618
E791_534,11.764813,-0.73591244
E792_390,0.76064694,4.54069
E793_656,2.7768705,2.9660974
E794_659,16.831463,-1.8288817
E795_720,11.320567,-0.20260036
E796_86,-16.515104,1.6881293
E797_745,15.088551,-1.3493135
E798_60,-16.394464,0.3632918
E799_274,-6.391888,1.9442301
E800_20,-18.368643,1.2089729
E801_204,-13.025881,0.7104574
E802_302,-0.63814855,4.4901977
E803_419,-0.9304922,3.1212788
E804_628,10.453015,0.20459232
E805_334,-2.9805706,0.2601644
E806_577,9.690735,-0.27075228
E807_563,5.0031004,0.3779368
E808_529,4.089491,-2.5917542
E809_703,14.3476515,-2.233544
E810_302,-1.5918992,-2.6761823
E811_584,3.391771,-3.6100962
E812_649,8.807778,-2.7960117
E813_528,4.024645,-2.9610157
E814_571,9.405203,-0.62268704
E815_595,6.280668,-0.21609128
E816_176,-12.338362,0.3868014
E817_653,14.4191065,-1.8387187
E818_246,-5.6046023,1.06567
E819_489,0.77135915,-4.2969036
E820_713,11.311409,-0.71976113
E821_383,-0.14016479,-4.0118246
E822_570,3.8399787,2.2225926
E823_317,-0.38947937,-4.8830066
E824_352,0.11151853,3.8804545
E825_621,10.95238,-0.20807314
E826_409,1.8250135,4.023809
E827_504,4.223154,-2.8836026
E828_563,10.615862,-0.33731914
E829_281,-10.631958,1.3044149
E830_458,1.6715281,4.4494433
E831_540,5.402418,1.119774
E832_129,-12.9945,0.7064855
E833_371,-0.55004835,-3.9964037
E834_83,-17.55771,1.6528057
E835_149,-11.059828,1.0724328
E836_325,-5.914192,0.5322324
E837_331,-1.0364075,3.5868092
E838_226,-5.5924544,1.0426102
E839_784,18.023975,-2.0043867
E840_151,-15.966047,1.3801148
E841_507,2.2947307,-3.399651
E842_266,-5.3204784,1.4924301
E843_461,0.61834246,-4.1609244
E844_102,-16.883965,0.6374143
E845_58,-17.104836,1.6035125
E846_735,14.083433,-1.8154287
E847_284,-1.8676312,-2.1055193
E848_694,14.411205,-0.74097407
E849_517,0.79907775,-4.0598125
E850_741,17.214384,-1.0172856
E851_76,-15.296678,1.0795627
E852_64,-16.794592,0.081668325
E853_432,-0.54965234,3.6567667
E854_82,-16.834236,1.0269401
E855_444,-0.17871225,-4.7633677
E856_760,13.287793,-1.4770356
E857_475,1.7761225,3.7198658
E858_129,-13.571473,1.1960634
E859_98,-16.97928,1.061541
E860_133,-11.431591,0.8213219
E861_371,-1.8704108,-3.490536
E862_137,-11.843098,0.8560174
E863_574,13.404344,-1.6922854
E864_568,5.5588427,2.2155757
E865_544,10.110516,-0.08808885
E866_192,-6.318613,0.8619626
E867_659,13.783828,-1.2512263
E868_758,18.14258,-1.7835183
E869_658,13.923856,-2.1051576
E870_455,0.87137747,4.4460225
E871_35,-16.93445,1.1381879
E872_28,-18.095062,1.34967
E873_502,7.1758084,-0.5661187
E874_759,15.941381,-1.573603
E875_779,18.037477,-2.780643
E876_695,15.9633045,-1.555276
E877_207,-8.107029,0.39594808
E878_102,-14.196468,1.529817
E879_646,11.226226,-1.1772459
E880_329,0.6870811,-3.3663635
E881_96,-16.721855,0.582933
E882_489,1.4307848,3.888175
E883_551,4.5146112,-2.2538128
E884_296,-5.6477594,2.0729847
E885_446,1.2221355,-4.1836834
E886_137,-13.105568,1.362663
E887_123,-14.7982025,1.057451
E888_466,4.7694554,1.9973354
E889_549,4.413771,-2.9193623
E890_634,13.395641,-2.2844644
E891_651,14.9178915,-0.57869554
E892_744,15.015522,-1.476489
E893_201,-8.348257,0.8782253
E894_413,0.7913468,3.811246
E895_670,14.565702,-1.892026
E896_721,14.37602,-1.4577206
E897_639,13.742091,-1.0407705
E898_692,14.753863,-1.7914054
E899_129,-11.598124,0.91664624
E900_571,10.1690235,-0.647042
E901_507,1.608896,3.9606626
E902_700,17.770443,-2.4480686
E903_725,16.538147,-1.5386548
E904_296,-1.7446921,-3.4600935
E905_201,-10.070908,1.4058102
E906_588,10.076049,-0.16724917
E907_684,16.245255,-2.2317884
E908_559,9.706777,-0.1901371
E909_688,15.489633,-1.4332669
E910_202,-12.365016,1.4427781
E911_554,9.151529,0.8465957
E912_790,17.086123,-2.403799
E913_144,-11.986361,0.6164056
E914_164,-12.308304,0.48577246
E915_153,-11.898325,0.8558056
E916_338,-0.11101869,3.6082847
E917_557,6.761666,-0.54973644
E918_193,-9.054912,0.83684635
E919_131,-13.120935,1.704234
E920_769,18.679962,-2.2015114
E921_694,9.784298,0.235981
E922_504,4.6589866,-2.2273905
E923_674,11.844053,-1.4066703
E924_290,-1.357586,-3.0350215
E925_384,-6.204264,1.47114
E926_404,0.7042716,-3.939496
E927_544,11.030197,-0.6400588
E928_762,18.320393,-1.6516913
E929_365,-1.0120356,-3.5762017
E930_782,18.838669,-2.3707843
E931_525,3.899225,2.0947187
E932_245,-6.984609,1.141898
E933_143,-11.775014,1.078725
E934_261,-5.920989,2.428295
E935_524,4.7574296,1.3857229
E936_99,-16.991283,0.10906711
E937_230,-4.9176903,0.9960784
E938_572,12.573814,-2.3346145
E939_494,3.7613523,-3.1403456
E940_556,4.418793,-2.8639526
E941_303,-0.30943373,-4.2570825
E942_144,-11.444283,1.6473314
E943_427,0.7014167,3.547021
E944_665,3.9768085,-3.0976112
E945_474,3.947923,-3.2262533
E946_108,-13.96695,0.68458945
E947_360,-0.83050096,3.7758462
E948_227,-8.076064,1.1455957
E949_795,18.316576,-1.0466148
E950_358,0.57700634,3.8554888
E951_151,-12.855407,1.1794485
E952_437,1.5056562,-4.3288584
E953_574,3.766281,-2.773001
E954_525,3.1747975,-2.8101668
E955_669,7.7221084,-0.69851774
E956_596,8.467099,-0.6218091
E957_297,-5.494106,-0.026544834
E958_366,1.237589,4.1259604
E959_425,0.41895628,-4.2129693
E960_479,2.9566317,3.2295394
E961_270,-6.3053007,0.61336803
E962_629,10.057252,-0.9139081
E963_123,-13.774735,1.2421407
E964_243,-6.204854,1.915835
E965_796,18.341461,-1.040411
E966_492,-1.0465868,-3.3482144
E967_218,-5.498507,1.4688966
E968_47,-16.721584,1.004654
E969_180,-8.665031,0.70520407
E970_522,2.0475333,3.5271773
E971_746,12.931531,-1.0886153
E972_457,1.3755347,3.403728
E973_600,10.495551,-0.50087756
E974_601,7.4432774,-0.568056
E975_540,9.425928,-1.6916244
E976_656,3.9185975,2.539788
E977_230,-7.858995,0.72945404
E978_576,5.871703,1.4091568
E979_78,-16.543211,0.17958505
E980_246,-5.906552,1.0772974
E981_288,-6.0646677,1.1378251
E982_343,-1.0453659,-4.055504
E983_21,-17.765863,1.7053589
E984_123,-12.479936,1.5940164
E985_260,-2.203883,-2.4576783
E986_661,16.876713,-2.6998217
E987_779,18.163767,-1.1134534
E988_539,4.104179,2.2787285
E989_40,-17.414518,1.2766801
E990_131,-12.297404,0.477624
E991_70,-18.533892,0.9566839
E992_482,1.9032974,-3.6434152
E993_299,-1.2218931,3.4075272
E994_592,10.322866,-0.19926229
E995_356,0.08426115,-3.6398935
E996_445,3.737417,-2.7069006
E997_519,0.1465505,-3.6442251
E998_397,0.62232876,3.642801
E999_343,-2.4725914,-0.99924654
E1000_340,-1.8265126,-2.7987864
E1001_465,-0.8483011,-3.896483
E1002_5,-18.85354,2.104414
E1003_139,-12.312528,1.4326518
E1004_775,14.807141,-2.4016654
E1005_441,1.5895483,-3.5588796
E1006_55,-16.357517,1.6588115
E1007_183,-13.602788,1.0732343
E1008_204,-10.676199,0.47106385
E1009_79,-15.948999,0.70275396
E1010_13,-18.360298,1.9949598
E1011_257,-5.498613,2.2410903
E1012_213,-7.586306,1.5356629
E1013_611,14.93048,-1.9705433
E1014_739,17.522291,-2.0421817
E1015_124,-12.6941395,1.3258306
E1016_326,-1.977398,-2.7756367
E1017_110,-15.805463,0.0025181528
E1018_546,5.160721,2.121644
E1019_23,-18.788132,1.3211731
E1020_106,-16.14656,0.36068368
E1021_398,-0.57171285,-4.0513954
E1022_429,0.83936054,-3.71609
E1023_763,18.169928,-1.2115299
E1024_515,10.066529,-0.8311274
E1025_173,-6.2280536,0.3366444
E1026_592,2.9689734,3.0544999
E1027_195,-6.8037195,1.3528811
E1028_794,17.11748,-1.5327022
E1029_569,11.855535,-0.99513716
E1030_188,-11.004442,0.39709592
E1031_16,-18.191528,1.9531107
E1032_88,-15.241985,1.0396807
E1033_336,-1.9699044,-2.9135816
E1034_282,-2.1617653,0.72415495
E1035_746,17.802399,-2.321763
E1036_421,0.50928956,-4.106492
E1037_501,4.404394,1.2893256
E1038_550,4.187657,-2.723514
E1039_502,3.992644,2.252158
E1040_345,-5.298202,0.25277674
E1041_405,1.0994387,4.3029613
E1042_279,-5.6113243,0.8928093
E1043_113,-11.838735,0.2834739
E1044_113,-13.594818,1.5281707
E1045_783,17.968462,-2.0389462
E1046_319,-4.125724,0.41112956
E1047_51,-17.248564,2.1024854
E1048_753,14.306562,-1.5049611
E1049_183,-11.017818,0.15649775
E1050_212,-4.6901064,0.6394937
E1051_592,5.2543583,1.4844558
E1052_548,9.331666,-1.9217664
E1053_556,10.021441,-1.4450676
E1054_320,-0.5820783,3.6857076
E1055_614,14.300739,-1.7371453
E1056_404,1.125747,3.9137638
E1057_20,-18.796034,1.8954165
E1058_54,-15.899678,0.7443562
E1059_727,17.26375,-1.7207551
E1060_105,-16.843985,1.6441547
E1061_149,-12.50031,0.8855806
E1062_725,16.794653,-2.2573838
E1063_171,-9.345042,0.863459
E1064_33,-16.182133,0.026141658
E1065_11,-17.75484,2.0481708
E1066_617,7.018789,-0.54348844
E1067_266,-5.770192,1.5963589
E1068_193,-5.5584455,1.4842335
E1069_110,-13.289303,0.59663934
E1070_205,-11.457853,-0.028948471
E1071_416,1.8033016,3.733021
E1072_401,2.2519672,3.529457
E1073_376,-1.9502281,2.416824
E1074_6,-18.66383,2.12577
E1075_731,10.301952,-0.07977269
E1076_63,-16.663706,0.85106075
E1077_151,-11.1828165,1.6980121
E1078_583,9.000102,-0.5680228
E1079_372,0.09318081,4.248591
E1080_133,-15.624986,1.0293322
E1081_235,-5.5583205,0.89281875
E1082_2,-19.154667,2.1760278
E1083_755,12.927078,-1.8894223
E1084_736,18.195965,-1.883295
E1085_770,18.288696,-2.6762092
E1086_761,17.848827,-2.0133183
E1087_243,-5.6925297,2.1304321
E1088_579,4.0080433,2.6448166
E1089_20,-18.377165,2.0482247
E1090_597,8.3674965,-0.6244276
E1091_303,-5.082195,1.234499
E1092_43,-18.456083,1.4968565
E1093_212,-11.968548,1.2810701
E1094_523,10.135121,-1.2583001
E1095_558,5.2397823,2.2584903
E1096_90,-16.268005,1.1297117
E1097_174,-14.501945,0.96971905
E1098_439,-2.7365746,-2.092863
E1099_81,-16.367146,1.3223983
E1100_329,-1.4136877,3.5244167
E1101_638,4.7226214,1.2030082
E1102_225,-4.558213,2.146399
E1103_748,15.39774,-1.5813552
E1104_384,1.0587555,-4.361708
E1105_676,13.565211,-2.580426
E1106_290,-2.3526258,-0.36704385
E1107_83,-17.54944,1.2465538
E1108_40,-18.070549,1.715833
E1109_362,-1.7796926,-2.9725993
E1110_670,15.15546,-1.7538503
E1111_677,9.932864,-0.938712
E1112_114,-16.202564,0.42652422
E1113_765,4.816324,-2.7478075
E1114_59,-18.418371,1.5020176
E1115_676,17.704145,-2.335955
E1116_323,-1.0015812,4.3484817
E1117_615,8.943194,-2.7199128
E1118_189,-11.903269,1.6107087
E1119_234,-5.9915667,1.3659282
E1120_391,-3.132177,2.578098
E1121_431,4.74487,1.4379845
E1122_458,0.6909048,-3.9812293
E1123_321,-2.4715855,-2.5940683
E1124_273,-6.250977,0.66786635
E1125_298,-1.2397146,3.258655
E1126_678,18.45052,-2.4272223
E1127_275,-2.983937,-2.860766
E1128_16,-17.551607,1.872984
E1129_402,0.3065568,-4.1051464
E1130_211,-11.139547,-0.12045483
E1131_269,-7.228638,1.1808442
E1132_90,-17.648127,0.23428434
E1133_725,18.87597,-1.7291012
E1134_596,9.930491,-0.9580669
E1135_732,18.246864,-1.6340275
E1136_756,18.552553,-1.456228
E1137_247,-2.4551113,2.9828384
E1138_749,18.013235,-2.4861588
E1139_436,5.68179,0.14062369
E1140_175,-12.998211,0.7633648
E1141_409,-1.697832,-3.284873
E1142_602,10.124653,-1.109499
E1143_437,1.1491545,4.131061
E1144_768,17.99496,-2.8642664
E1145_577,11.379818,-0.1845638
E1146_194,-14.520432,1.7180817
E1147_191,-10.883096,0.51311946
E1148_784,18.036713,-2.172875
E1149_780,17.603975,-2.688962
E1150_735,17.5654,-2.2152781
E1151_727,17.58776,-1.3410105
E1152_659,11.823488,-1.1516176
E1153_382,-0.1722028,3.8927822
E1154_528,6.748357,-0.5674535
E1155_250,-5.416899,2.6496644
E1156_105,-12.76811,0.61732775
E1157_777,14.040644,-1.4946094
E1158_110,-14.267761,1.2843148
E1159_35,-18.702389,1.5194111
E1160_784,17.967245,-2.6810074
E1161_309,-1.869154,-3.2403119
E1162_362,-1.6714021,-3.5311067
E1163_577,12.522717,-0.8426195
E1164_770,14.836684,-1.2485627
E1165_687,15.006945,-0.87693
E1166_111,-12.545915,1.0130937
E1167_74,-16.716635,2.250328
E1168_245,-5.759405,1.9232876
E1169_302,-5.7722425,2.5212262
E1170_45,-16.720675,0.77049065
E1171_525,5.8816733,-0.5098049
E1172_450,2.933084,-3.2445085
E1173_605,17.091206,-2.607631
E1174_696,10.950761,-0.90489084
E1175_520,5.0030203,1.20965
E1176_4,-18.950312,1.957208
E1177_251,-3.8052404,2.3368266
E1178_764,18.055363,-2.9820533
E1179_185,-8.36578,1.4576362
E1180_380,0.83026546,3.560095
E1181_124,-12.311189,0.11857939
E1182_744,15.360208,-1.745341
E1183_166,-11.777916,1.3788718
E1184_354,-1.2194232,3.94596
E1185_505,4.8375072,1.902805
E1186_219,-4.2516847,1.9633622
E1187_431,-0.106552854,3.4984815
E1188_722,16.80053,-2.347116
E1189_240,-9.739023,1.2514626
E1190_363,-0.7380777,4.0232444
E1191_688,9.930118,-0.09765126
E1192_606,15.269484,-1.8717531
E1193_789,18.675844,-2.6943045
E1194_536,5.014066,0.9532787
E1195_680,17.602259,-1.6341101
E1196_335,-0.55336785,3.8401556
E1197_558,7.448556,-0.5704776
E1198_392,0.26986268,-4.7651973
E1199_717,18.653141,-1.4527589
E1200_354,-1.9490917,-1.4203318
E1201_609,4.8342137,-1.9057673
E1202_583,13.820238,-0.4485441
E1203_768,14.464712,-1.2774743
E1204_215,-6.172029,0.3345297
E1205_467,1.7178892,3.9309378
E1206_656,10.155359,-0.91703
E1207_191,-11.604193,1.5093527
E1208_291,-3.1139061,2.009834
E1209_731,17.925215,-1.5281204
E1210_143,-13.459251,0.6217765
E1211_374,1.7806096,4.0125256
E1212_334,-1.2098285,3.0526044
E1213_171,-9.866661,1.5285735
E1214_713,14.095803,-2.1240985
E1215_79,-15.648137,0.7090534
E1216_761,11.089404,-0.95259136
E1217_560,7.7124486,-0.85499096
E1218_158,-11.850503,1.0886844
E1219_383,-0.41586405,-3.656268
E1220_219,-6.1169167,1.7006826
E1221_33,-18.570751,1.5025219
E1222_232,-5.435015,1.5130153
E1223_776,13.448257,-2.1751957
E1224_635,14.553236,-1.4819688
E1225_623,10.68886,-1.057055
E1226_232,-5.184626,1.4297061
E1227_225,-4.997127,2.1595361
E1228_51,-18.035345,1.5912274
E1229_128,-10.610364,1.7323052
E1230_565,8.501772,-0.9802997
E1231_279,-12.925038,1.7536991
E1232_766,11.760927,-1.1278168
E1233_274,-4.820046,0.15211676
E1234_352,-1.0819602,3.7018087
E1235_0,-19.233862,2.30887
E1236_468,3.1366255,2.9261312
E1237_471,2.075318,4.332026
E1238_674,14.912343,-3.0769334
E1239_334,-1.9388684,2.7492821
E1240_227,-5.159308,1.0646012
E1241_55,-17.14383,2.017539
E1242_42,-18.911566,1.829613
E1243_605,10.44761,-0.62759304
E1244_680,17.758373,-1.5976619
E1245_253,-3.4848917,-1.6974864
E1246_70,-16.775051,1.5116591
E1247_89,-14.500276,1.0830885
E1248_377,-2.4832757,-2.5803263
E1249_277,-1.031966,4.2463393
E1250_435,1.5621111,4.27571
E1251_517,5.187158,1.484557
E1252_169,-12.300424,0.4607026
E1253_750,14.988606,-1.5413167
E1254_31,-18.177273,1.6586366
E1255_376,-0.19953571,-3.9324713
E1256_52,-18.035934,1.2211853
E1257_471,4.601319,2.208107
E1258_101,-13.290659,0.07538241
E1259_630,11.786347,-0.6723509
E1260_159,-12.16056,0.49855524
E1261_496,4.9674277,2.4129748
E1262_476,1.0193583,4.6688166
E1263_445,1.5082159,-3.7145276
E1264_593,11.445153,-0.39688912
E1265_405,-1.0890386,-3.5747275
E1266_59,-16.141222,0.3823102
E1267_223,-7.320913,0.786173
E1268_119,-15.356946,0.67952263
E1269_780,16.627506,-1.6778646
E1270_105,-15.355246,0.79655063
E1271_306,-1.7854389,-2.6741261
E1272_496,0.27699357,-3.37588
E1273_387,1.8585175,4.3976893
E1274_676,13.633469,-1.6304773
E1275_752,16.115881,-1.0952516
E1276_457,8.11227,-0.4126725
E1277_307,-2.1929057,-2.0858095
E1278_407,-0.17303145,-4.2806697
E1279_788,18.627846,-1.8607057
E1280_361,-0.57584083,3.47697
E1281_653,10.841897,-1.6338277
E1282_458,0.64349276,-4.1321993
E1283_109,-11.413785,1.0886762
E1284_442,-1.1609913,3.5247424
E1285_547,8.587392,-0.8193117
E1286_14,-18.302095,1.2515486
E1287_412,-1.1695817,3.6355622
E1288_704,16.332827,-1.8575372
E1289_211,-6.178615,1.3460778
E1290_789,16.294193,-1.7675346
E1291_465,3.1615305,-3.1720939
E1292_218,-6.91249,1.10993
E1293_263,-5.00407,2.022065
E1294_658,11.362567,-1.6294471
E1295_229,-8.626612,0.9374714
E1296_372,-0.9297653,-4.3784175
E1297_438,3.0123136,2.6704936
E1298_686,16.100046,-2.1450667
E1299_118,-13.150697,1.5338662
E1300_376,-2.0079055,-3.0913007
E1301_267,-8.846313,0.09222346
E1302_1,-19.17246,2.1823876
E1303_530,4.9585834,1.8512616
E1304_83,-16.093391,1.3992066
E1305_761,14.700455,-2.4757059
E1306_652,9.353527,-0.7182329
E1307_227,-4.2445855,2.1022866
E1308_24,-17.457224,0.48577893
E1309_481,3.644075,-3.033641
E1310_175,-10.981275,0.90459895
E1311_531,1.8726325,3.5444562
E1312_472,-1.6719673,-2.9405313
E1313_308,-1.7950901,-2.6770318
E1314_448,0.8038628,-4.0847993
E1315_243,-5.7794166,0.74777246
E1316_729,16.18161,-1.7285655
E1317_432,1.5884149,3.6308184
E1318_343,-0.17317425,-3.603119
E1319_426,1.1890635,-3.9644113
E1320_284,-1.0599021,4.03059
E1321_406,3.1549892,-3.2712924
E1322_682,14.396306,-1.2705579
E1323_771,17.767359,-1.1567436
E1324_735,16.383905,-2.1263416
E1325_548,6.0227337,1.2309592
E1326_353,-0.5548957,3.700848
E1327_536,4.677591,1.6090469
E1328_719,18.24473,-1.491051
E1329_308,-5.3614736,-0.23093341
E1330_32,-16.941996,0.9539604
E1331_790,18.079424,-2.6739419
E1332_341,-1.8901279,-3.2967415
E1333_420,1.8502152,-3.7476368
E1334_10,-18.85398,2.044135
E1335_788,13.990418,-0.29711193
E1336_254,-5.1922135,1.6451874
E1337_212,-6.8966928,0.28187186
E1338_431,1.4722277,3.7736995
E1339_168,-11.936463,0.7648993
E1340_196,-9.607063,1.3333232
E1341_166,-8.9468155,0.6365229
E1342_38,-17.900225,0.9579231
E1343_571,10.562944,-1.118724
E1344_169,-11.508678,1.181093
E1345_31,-16.032457,1.6516945
E1346_257,-2.7919416,2.6829836
E1347_311,-5.8879714,1.6827974
E1348_23,-16.580088,1.1270943
E1349_629,11.005181,-1.5336779
E1350_32,-18.602032,1.2648857
E1351_237,-11.766513,0.8587248
E1352_548,9.42617,-1.4996817
E1353_311,-3.1044185,2.6203072
E1354_580,6.2042065,0.92686915
E1355_470,0.8154951,-3.8531775
E1356_623,9.180179,-0.18488073
E1357_323,-1.6581318,-3.5039618
E1358_245,-11.353006,1.6912768
E1359_523,4.9135475,-1.8280076
E1360_704,14.26992,-1.0943485
E1361_300,-1.1194637,4.068797
E1362_624,10.453542,-0.28461352
E1363_332,-1.0156599,3.567723
E1364_308,-4.3499656,0.33778885
E1365_294,-3.5650196,2.3429859
E1366_775,18.077522,-1.7809895
E1367_67,-17.60613,1.174927
E1368_68,-18.793228,1.6608013
E1369_225,-5.7456517,0.95276695
E1370_729,14.796182,-0.43111914
E1371_787,18.537298,-1.7771308
E1372_605,9.710869,-0.28374273
E1373_218,-6.629606,1.837501
E1374_21,-18.94327,1.914976
E1375_305,-2.2684197,2.743217
E1376_686,12.8709,-0.7301874
E1377_368,-1.9061248,-2.728707
E1378_426,1.4005911,4.1079917
E1379_266,-3.1357336,-2.3520355
E1380_251,-5.1880984,0.28449556
E1381_683,13.67871,-2.2779467
E1382_460,0.8958283,3.9466949
E1383_74,-16.709013,1.2324567
E1384_726,9.9751425,0.051683024
E1385_492,4.2654696,-2.8675785
E1386_694,17.518991,-2.46135
E1387_796,15.604437,-2.2199318
E1388_585,10.713306,-0.60705006
E1389_63,-16.186777,0.72693634
E1390_98,-16.12872,0.4206285
E1391_694,10.765456,-0.9619275
E1392_374,0.13400266,-4.1677647
E1393_559,3.8954282,-2.805589
E1394_688,14.271988,-0.15129171
E1395_368,0.15595818,-4.4517956
E1396_656,17.71099,-1.8768078
E1397_676,17.434486,-2.8173459
E1398_725,18.20012,-2.2409394
E1399_359,-3.8296523,1.992124
E1400_413,-0.6912046,-3.7605174
E1401_787,14.912699,-1.5017744
E1402_283,-1.9404263,-3.4350214
E1403_318,-0.8929249,3.3809462
E1404_748,15.303456,-1.639112
E1405_238,-6.241371,1.0657723
E1406_44,-16.117735,0.64592
E1407_780,18.1685,-1.7782562
E1408_565,8.516838,-1.306533
E1409_414,0.26863912,-4.423541
E1410_452,0.9579612,3.9561532
E1411_665,7.958948,-2.4178863
E1412_472,3.914459,2.2967968
E1413_471,3.1116102,-3.2851892
E1414_340,-1.2427783,-3.0734622
E1415_492,3.4173837,-3.1267421
E1416_608,10.698091,-1.4101573
E1417_785,16.871012,-2.2351377
E1418_523,3.5390272,-2.837792
E1419_453,2.12583,3.6312304
E1420_477,11.507717,-1.332079
E1421_522,2.8882148,3.0049064
E1422_323,-0.8317128,4.6033773
E1423_623,16.236027,-2.0730524
E1424_226,-7.7762384,0.8367139
E1425_398,-0.21610792,-4.2021303
E1426_263,-5.44861,0.42865747
E1427_675,10.427266,-0.4757421
E1428_150,-12.679771,0.87234306
E1429_492,4.973354,-2.7707865
E1430_639,10.605104,-0.5008292
E1431_691,17.910528,-1.6845542
E1432_362,-2.3698773,2.8763304
E1433_82,-16.977987,0.04000136
E1434_698,12.862004,-1.4121443
E1435_190,-11.206592,1.2648256
E1436_193,-9.953981,1.034807
E1437_766,18.027685,-1.93114
E1438_500,4.9922523,1.8102988
E1439_350,-0.15374987,3.811083
E1440_691,13.633556,-1.2551881
E1441_504,2.9161181,-3.416042
E1442_574,3.545215,2.595402
E1443_760,17.89876,-2.517466
E1444_405,0.91678876,4.070656
E1445_276,-5.3215694,0.68335164
E1446_152,-12.091167,0.52500886
E1447_669,15.2757845,-2.2986333
E1448_61,-17.44178,1.6831449
E1449_608,11.623707,-0.86363834
E1450_516,4.0499907,2.2244265
E1451_347,-0.7366852,4.031772
E1452_618,7.0779004,-0.15906224
E1453_424,0.55344445,-4.5463986
E1454_296,-5.6609507,0.026061099
E1455_326,-3.511831,-1.7339915
E1456_111,-14.188858,0.84377146
E1457_579,7.0616183,-0.61751133
E1458_161,-12.742122,0.9220261
E1459_435,1.0167732,-4.0305934
E1460_481,12.3205595,-1.3149303
E1461_688,14.645841,-1.728663
E1462_34,-17.322865,2.0050056
E1463_320,-0.86942124,4.6355786
E1464_637,10.220354,-0.87224704
E1465_466,0.14013109,-4.736006
E1466_122,-15.342123,-0.24704379
E1467_32,-17.847494,1.7404816
E1468_759,16.431114,-1.5064107
E1469_38,-17.260065,0.44694692
E1470_387,0.89248586,3.610579
E1471_217,-11.024429,1.4602771
E1472_656,4.2390237,-2.820193
E1473_183,-6.920472,0.8692407
E1474_148,-10.974271,1.6682999
E1475_180,-12.407193,1.1560887
E1476_395,1.5927002,3.9744527
E1477_549,4.5415177,1.6574295
E1478_147,-11.41982,-0.038929015
E1479_621,15.829594,-0.6310664
E1480_374,1.1295942,3.44506
E1481_345,1.1689703,3.7530284
E1482_410,-2.8105757,-3.203015
E1483_580,8.953323,-0.6912999
E1484_482,1.8378808,3.7882242
E1485_365,1.0079379,3.9762695
E1486_141,-13.60662,1.641535
E1487_596,9.626776,-0.3384693
E1488_105,-13.272746,1.0329571
E1489_147,-16.488317,0.109347664
E1490_224,-10.942418,1.823698
E1491_530,4.8769665,-2.2408783
E1492_34,-18.312517,1.9879001
E1493_534,5.734616,-0.92257196
E1494_759,17.39971,-2.3142273
E1495_55,-16.59073,-0.43421513
E1496_195,-11.997169,1.2327343
E1497_195,-5.178438,1.1542959
E1498_743,14.46346,-1.728389
E1499_1,-19.180538,2.204581
E1500_321,-1.6837366,3.5098748
E1501_444,0.20497815,-3.4161885
E1502_627,14.084736,-1.6090393
E1503_553,9.810509,-2.0623734
E1504_171,-12.563387,0.6220023
E1505_331,-6.3172097,1.2598072
E1506_504,10.0634365,-0.35650468
E1507_135,-15.49072,0.3591781
E1508_334,-1.9847578,2.0797439
E1509_391,-5.92267,0.8041616
E1510_287,-5.1973047,1.3077123
E1511_641,17.430302,-2.7080224
E1512_248,-5.8151693,1.8012016
E1513_484,3.1594112,2.7320218
E1514_550,9.35033,-0.66812134
E1515_528,7.5110636,-1.2318776
E1516_139,-11.631441,0.42819843
E1517_753,18.236418,-2.376774
E1518_416,4.1181912,1.9593619
E1519_347,0.43580368,-4.057528
E1520_397,1.560114,4.262432
E1521_598,13.137251,-1.4274231
E1522_89,-16.131357,0.28697965
E1523_714,17.705303,-3.0692437
E1524_255,-1.4778869,3.3121483
E1525_626,10.010945,-2.2344284
E1526_157,-12.379956,0.946736
E1527_25,-18.47334,1.8631115
E1528_659,8.376627,-0.7067178
E1529_297,-1.5065427,3.3320396
E1530_532,-0.423943,3.8457904
E1531_542,11.1034565,-0.10503026
E1532_772,14.3791685,-0.94539917
E1533_761,13.266332,-0.8762844
E1534_307,-5.41275,1.2370316
E1535_783,18.335367,-1.4511609
E1536_724,15.8831625,-1.3455175
E1537_59,-16.611319,0.1137651
E1538_483,2.597247,-3.2816715
E1539_608,11.527962,-0.3614806
E1540_785,15.501504,-0.74253225
E1541_498,10.712179,-0.6646868
E1542_629,10.88191,-1.071626
E1543_145,-8.268343,0.78471583
E1544_780,18.17123,-1.8174292
E1545_434,1.7566446,3.3208282
E1546_360,-1.7033855,3.2544663
E1547_493,1.6106124,-3.6054497
E1548_81,-16.136124,1.4993179
E1549_771,18.755196,-1.8715036
E1550_215,-11.308876,0.32204667
E1551_591,9.251128,-0.89577055
E1552_356,-0.8982359,4.267768
E1553_544,1.7368718,4.2660856
E1554_217,-5.2647214,0.7083949
E1555_24,-19.156668,1.5032794
E1556_186,-5.8309317,1.6500862
E1557_463,4.820927,1.7809451
E1558_372,-0.9330412,3.7347307
E1559_587,7.815447,-0.80946434
E1560_588,9.070402,-2.5084517
E1561_86,-16.842785,1.6266227
E1562_221,-5.561531,1.6969931
E1563_374,-2.0348294,-3.4304693
E1564_795,18.117632,-2.042331
E1565_791,18.402946,-2.7185197
E1566_241,-6.254981,1.1851106
E1567_764,17.238997,-2.7636452
E1568_252,-4.987691,-0.53544456
E1569_661,10.047839,-0.15462835
E1570_504,4.6083527,2.028732
E1571_64,-17.141169,1.0539589
E1572_392,-0.18737689,-3.6590064
E1573_545,4.036211,-2.8424063
E1574_768,18.519123,-2.5851467
E1575_684,14.821508,-2.00511
E1576_143,-11.338061,0.21085201
E1577_317,-4.578466,1.9797236
E1578_623,9.551508,-0.88082075
E1579_492,4.1874185,2.395482
E1580_242,-0.91257954,4.110547
E1581_32,-17.37371,0.81169885
E1582_687,15.1384735,-1.563279
E1583_596,3.6391194,-3.1902122
E1584_231,-7.178233,1.0045955
E1585_422,-1.0112169,-3.8947988
E1586_577,8.648829,-0.696866
E1587_626,11.67115,-0.40734017
E1588_203,-10.2453,0.45768043
E1589_149,-11.000283,1.0139372
E1590_603,10.143243,-0.21816109
E1591_499,9.583825,-2.8322144
E1592_518,4.932436,-1.3564671
E1593_742,18.64267,-2.721727
E1594_690,14.697272,-2.0645285
E1595_549,3.4172404,-3.314713
E1596_703,15.065573,-1.4667265
E1597_748,18.514204,-2.0591464
E1598_238,-7.0859694,0.6852055
E1599_720,0.7013232,-4.028664
E1600_488,5.1079664,1.4225956
E1601_350,-1.1532367,3.4502716
E1602_593,9.90908,0.14959437
E1603_773,17.859514,-1.3691475
E1604_732,15.913876,-1.2516406
E1605_783,18.17394,-3.1432
E1606_358,-2.2460718,-0.37547418
E1607_59,-16.956076,1.1574981
E1608_302,-2.067339,3.3140028
E1609_235,-5.698903,0.49317628
E1610_529,2.7894175,-3.3037376
E1611_543,4.5488973,1.6208454
E1612_795,-2.37785,-4.3745255
E1613_585,11.675999,-0.87969714
E1614_398,-1.9701426,2.817356
E1615_248,-9.870761,0.8754351
E1616_728,18.13704,-2.0864546
E1617_295,0.04924394,-4.1604486
E1618_493,3.1794155,-3.124679
E1619_322,-0.004718545,-4.0190578
E1620_734,18.545385,-2.503028
E1621_392,0.3885697,3.7566392
E1622_57,-17.080433,0.94981366
E1623_247,-5.780879,1.2637551
E1624_664,14.448014,-0.7626382
E1625_469,4.2001004,2.1483052
E1626_741,14.79653,-1.6173054
E1627_741,17.351038,-2.0528903
E1628_748,1.613613,3.7265174
E1629_504,10.082527,-0.34748334
E1630_372,0.65469134,4.11971
E1631_763,17.521618,-1.2862419
E1632_59,-16.224865,1.1465083
E1633_747,17.94608,-1.9576701
E1634_512,1.120258,3.832686
E1635_13,-18.271433,2.110414
E1636_138,-15.243306,1.4360572
E1637_687,18.649021,-2.004598
E1638_411,-0.50360507,-4.449638
E1639_308,-1.3790804,3.4849539
E1640_406,-0.19459717,-4.1286182
E1641_54,-15.941012,-0.21335246
E1642_560,0.6039361,-3.6642222
E1643_781,13.952678,-1.4951444
E1644_109,-12.366393,0.8188312
E1645_79,-16.925167,2.09627
E1646_571,8.895559,-0.7234364
E1647_392,-1.9498476,-3.247186
E1648_182,-11.326684,0.12457563
E1649_693,18.214853,-1.6845179
E1650_163,-11.829654,1.4811835
E1651_750,14.535099,-1.9517599
E1652_319,-2.2139537,-2.9431674
E1653_612,4.594869,1.9564945
E1654_712,15.548422,-1.4874309
E1655_464,1.897895,-3.9680152
E1656_44,-17.834837,0.312155
E1657_442,1.4327697,3.769123
E1658_573,4.054093,-2.4157221
E1659_60,-16.422949,1.6829474
E1660_242,-5.0294204,1.1898152
E1661_182,-9.292633,0.59985864
E1662_717,12.656591,-1.2093817
E1663_384,-0.23340826,-3.4028444
E1664_251,-6.550621,1.0792083
E1665_533,4.14702,2.282289
E1666_381,-0.65457964,3.7037349
E1667_641,8.564374,-0.59219885
E1668_730,17.853046,-1.9122703
E1669_523,2.9290192,3.0762043
E1670_596,10.904416,-0.8931948
E1671_496,1.8846565,-3.630054
E1672_589,9.519088,1.0166221
E1673_382,-2.2170255,-0.7207689
E1674_349,-2.4210172,-2.6047251
E1675_724,18.742317,-0.8647707
E1676_495,4.158119,2.3195517
E1677_419,-0.85288954,4.22871
E1678_42,-17.051971,0.43639502
E1679_645,13.848745,-1.5434868
E1680_236,-5.0530434,1.0283015
E1681_82,-15.388572,-0.45021263
E1682_543,4.1913843,2.2280235
E1683_207,-8.144795,0.78680456
E1684_120,-15.6018095,1.205873
E1685_334,-0.9280444,4.075925
E1686_210,-6.1652455,0.8626685
E1687_251,-5.6488357,0.497869
E1688_328,-2.0881734,-3.6502173
E1689_573,10.493927,0.49136966
E1690_537,4.5154796,2.5413094
E1691_267,-5.947207,1.0514264
E1692_511,1.7596073,3.5686765
E1693_747,14.553581,-2.3087249
E1694_172,-10.588366,1.2251318
E1695_255,-3.392267,1.9365417
E1696_23,-17.381786,1.2066414
E1697_487,3.4319708,-3.1080449
E1698_44,-18.458775,1.2637227
E1699_454,3.8730302,2.4609618
E1700_609,10.441158,-0.9613317
E1701_579,5.913478,-0.47239262
E1702_416,0.022798017,3.696803
E1703_477,1.3034879,-3.663213
E1704_218,-5.302836,0.28447843
E1705_406,1.2628621,-3.699671
E1706_760,15.406986,-1.7546601
E1707_529,5.4654207,0.98251265
E1708_246,-4.688443,1.9349118
E1709_408,0.50963676,-4.3536706
E1710_727,12.193162,-1.0910889
E1711_322,-2.6686296,-3.2613022
E1712_233,-5.8531747,1.1447631
E1713_684,9.830971,-0.51794946
E1714_178,-6.1510434,1.6170065
E1715_155,-14.423945,0.6249337
E1716_498,4.6399527,2.0093584
E1717_359,-2.9612582,-0.9552514
E1718_499,4.242129,1.4910226
E1719_74,-16.327131,1.6247418
E1720_434,3.0390956,-3.3399553
E1721_474,4.0763164,-2.8488388
E1722_335,-4.3712497,1.5090526
E1723_628,15.01705,-1.5148058
E1724_429,-0.1675112,-4.274349
E1725_7,-18.900345,1.9353952
E1726_187,-7.9640317,1.2298372
E1727_532,4.7256374,2.4708185
E1728_788,15.067589,-0.7901546
E1729_712,17.684418,-2.9347484
E1730_225,-6.7240915,1.9923435
E1731_687,14.934151,-1.9253217
E1732_350,-0.11843116,-3.4182067
E1733_346,-0.89816386,-3.5340319
E1734_728,16.06383,-1.2798892
E1735_2,-19.115643,2.2606907
E1736_160,-12.231944,1.2685536
E1737_529,9.156716,1.2173572
E1738_101,-14.454328,0.8828291
E1739_605,10.375337,0.02265111
E1740_703,9.470545,0.8912333
E1741_552,2.4860902,-3.553965
E1742_531,4.8644943,1.5320594
E1743_59,-15.914716,1.4199513
E1744_517,4.1366863,2.0869544
E1745_458,-0.17412284,-3.9871223
E1746_393,-1.2207608,3.798901
E1747_135,-12.948863,1.3666385
E1748_531,5.336157,1.3491927
E1749_746,15.197433,-0.829459
E1750_292,-1.2669609,2.9117563
E1751_402,-1.7841446,-2.9757662
E1752_714,15.369572,-1.0704951
E1753_144,-12.919251,1.3265148
E1754_578,7.108753,-0.82320035
E1755_644,10.341113,-0.24900298
E1756_708,18.554552,-1.7312812
E1757_512,2.2560809,3.5063162
E1758_171,-12.319088,0.18886921
E1759_18,-17.491018,1.972175
E1760_336,-3.0161707,-2.3893673
E1761_401,1.7979912,3.9737012
E1762_466,1.3105403,4.247553
E1763_400,4.154504,2.2436411
E1764_165,-11.970411,0.6910768
E1765_609,6.5007095,-0.6117267
E1766_626,5.118714,2.1667738
E1767_198,-6.826022,1.3146971
E1768_69,-16.825815,0.28754342
E1769_600,14.341041,-0.92737335
E1770_642,5.6102533,-0.28817073
E1771_250,-3.5281017,2.694047
E1772_446,3.6681893,-3.227876
E1773_793,16.71724,-2.0219958
E1774_38,-17.586218,0.79198736
E1775_695,18.062412,-2.2075167
E1776_695,13.658807,-0.9883383
E1777_715,17.775463,-2.3874989
E1778_392,-0.6208076,3.888864
E1779_587,7.543134,-0.58167934
E1780_61,-17.772182,1.8150992
E1781_5,-18.927988,2.2150123
E1782_562,2.541394,-3.465892
E1783_591,11.48712,-0.9026767
E1784_610,4.997029,1.4413638
E1785_772,17.415901,-1.9943587
E1786_617,9.255708,-0.818284
E1787_87,-15.848315,0.3469584
E1788_115,-17.114862,1.5317234
E1789_400,-0.3970771,-3.8718903
E1790_344,-2.194644,-2.8228056
E1791_440,2.3788302,-3.6256566
E1792_225,-5.7132792,1.0241581
E1793_474,4.6340322,1.5220368
E1794_233,-11.309782,1.4310443
E1795_694,17.751143,-2.6391704
E1796_20,-16.974745,0.7856578
E1797_641,15.732207,-2.1825912
E1798_402,-1.6033564,3.2129238
E1799_664,8.430678,-1.0749155
E1800_692,13.728281,-1.4002163
E1801_17,-18.161814,1.6460311
E1802_206,-5.7081256,0.86923695
E1803_433,-0.57870185,-3.7982361
E1804_666,18.175232,-1.7852585
E1805_502,0.4177035,-4.160241
E1806_586,13.858492,-1.0680425
E1807_66,-17.11837,0.48771375
E1808_796,14.750444,-2.427168
E1809_78,-16.349108,0.96570235
E1810_764,18.313593,-0.93876135
E1811_72,-17.12097,1.2831271
E1812_318,-4.276799,-1.3007529
E1813_162,-9.893377,0.27067423
E1814_622,11.036265,-0.8614009
E1815_40,-17.347042,1.7311305
E1816_324,-1.5895798,3.191844
E1817_271,-2.2864115,2.7895932
E1818_534,5.278879,0.2774585
E1819_62,-16.0719,0.76011795
E1820_327,1.138154,3.5960631
E1821_381,3.6986532,-2.79473
E1822_291,-2.0807335,-3.0872698
E1823_793,18.077406,-2.2467957
E1824_579,4.412941,1.9932281
E1825_552,8.542121,-2.681638
E1826_451,-3.0751362,2.286929
E1827_694,15.569811,-1.1623924
E1828_323,-2.2815683,-2.1189845
E1829_668,11.486468,-0.80222094
E1830_657,14.073767,-2.4266546
E1831_427,0.26118097,-3.907798
E1832_83,-16.612545,0.32762602
E1833_314,-4.996923,-0.066558205
E1834_392,-0.12829876,-4.1505237
E1835_194,-8.166279,1.1873671
E1836_470,0.54393834,-4.106808
E1837_440,0.6916948,-4.4023786
E1838_542,9.657301,-0.8897302
E1839_219,-12.236875,0.4238748
E1840_317,-5.957829,1.4556365
E1841_360,-0.7475831,3.8517034
E1842_102,-12.0913725,0.17595017
E1843_725,18.055534,-1.1549287
E1844_349,-5.834789,0.12574004
E1845_81,-16.165798,1.5042092
E1846_377,-3.0915601,-1.542063
E1847_148,-12.082366,1.1464063
E1848_163,-11.793812,0.91656065
E1849_411,0.20833647,-3.603499
E1850_198,-8.471928,1.4528015
E1851_60,-17.08018,1.5465491
E1852_101,-16.626215,0.5716518
E1853_94,-15.439938,1.8535495
E1854_183,-11.752911,1.9120564
E1855_189,-11.233499,1.0246075
E1856_694,9.889886,-0.58491075
E1857_503,1.2244453,3.6149392
E1858_573,6.703033,-0.27132234
E1859_30,-17.116056,2.250725
E1860_116,-13.120379,0.7910434
E1861_393,0.38219965,4.024367
E1862_604,10.212165,-1.338989
E1863_294,-2.7878304,1.8724185
E1864_572,3.4416475,-3.2148297
E1865_641,10.235802,-0.851091
E1866_357,-1.5077198,3.4754179
E1867_560,8.442988,-0.78318965
E1868_473,9.989937,-0.8601536
E1869_91,-17.107096,1.4347706
E1870_556,4.325755,-2.1574743
E1871_0,-19.233862,2.30887
E1872_696,14.717926,-1.2805885
E1873_86,-15.575485,0.7293076
E1874_787,18.395996,-1.8453451
E1875_480,3.6868064,-2.934143
E1876_105,-15.919777,1.3814651
E1877_720,15.192859,-0.60759246
E1878_153,-16.842148,1.9059659
E1879_9,-18.508015,2.219296
E1880_330,-0.91597533,3.6092
E1881_395,-1.8838755,-3.5147698
E1882_785,14.263743,-0.66551286
E1883_529,3.991727,-2.767979
E1884_442,-3.1096742,2.5610416
E1885_145,-14.240213,2.2634912
E1886_474,4.189871,2.2284136
E1887_59,-17.861425,0.45362607
E1888_511,3.9856517,-2.6980548
E1889_341,-1.955152,-3.332358
E1890_276,-5.462889,2.3946981
E1891_235,-4.915366,-0.3581257
E1892_288,-5.2826514,0.13265772
E1893_446,-2.2605243,-3.0817714
E1894_74,-15.7833185,1.4499559
E1895_399,-1.8661448,-3.5545514
E1896_273,-1.9040525,-3.183749
E1897_685,9.745988,0.71255106
E1898_552,11.166337,-0.91751134
E1899_368,0.35774392,-3.5744193
E1900_716,16.986555,-1.0727946
E1901_118,-16.314718,0.8039396
E1902_216,-7.074468,0.9604585
E1903_302,-6.109014,1.8232507
E1904_651,16.694687,-1.5220673
E1905_776,15.319932,-0.94355303
E1906_5,-18.907143,1.9242215
E1907_702,15.593526,-1.1453118
E1908_680,10.74276,-0.1675976
E1909_600,3.6149511,2.5398233
E1910_444,-0.42234665,-3.464634
E1911_787,18.612137,-1.4847789
E1912_116,-15.531827,0.5359827
E1913_590,4.7626414,1.5714021
E1914_548,3.4297423,2.7815163
E1915_31,-18.346508,1.2043985
E1916_562,12.999265,-1.5281459
E1917_195,-10.25385,0.22874404
E1918_371,-1.0870993,3.2925596
E1919_574,10.569769,0.072121285
E1920_316,-2.1271832,-3.0567234
E1921_583,8.765996,-2.7104805
E1922_697,17.519812,-1.9171063
E1923_617,10.659904,-0.8077618
E1924_537,5.789096,-0.5042269
E1925_374,-0.58048296,-3.2125452
E1926_293,-5.8866973,1.8776047
E1927_370,0.64115,4.199772
E1928_534,3.8372257,-2.858771
E1929_257,-5.245478,-0.39810824
E1930_187,-9.2012205,1.4604311
E1931_682,12.761897,-2.3516607
E1932_753,18.113043,-2.3901474
E1933_262,-1.8825597,3.1881511
E1934_687,16.37979,-0.5977726
E1935_195,-6.026551,0.2382101
E1936_104,-13.450172,1.256722
E1937_15,-18.774248,2.1306224
E1938_378,-0.6228733,4.6630244
E1939_453,4.0211096,-3.0404668
E1940_347,-0.29983178,3.5145638
E1941_167,-11.66256,0.20519418
E1942_304,-4.438607,2.2208133
E1943_767,18.581432,-1.7245655
E1944_637,5.551023,-0.23794119
E1945_614,6.988922,-0.5827015
E1946_454,-0.61030036,2.567171
E1947_697,14.854526,-1.1714796
E1948_115,-12.520765,0.5098874
E1949_193,-5.23573,1.0765288
E1950_564,11.351955,-1.2003523
E1951_780,17.701233,-2.7582924
E1952_191,-10.639173,1.1871438
E1953_303,-3.0770402,2.1677682
E1954_461,1.5674771,-3.6913776
E1955_10,-18.704596,2.0615523
E1956_42,-17.82433,0.54460526
E1957_107,-15.729771,0.8783961
E1958_749,18.211962,-2.9949968
E1959_418,2.7146177,-3.4053252
E1960_437,1.7025625,4.175034
E1961_164,-11.086121,0.908006
E1962_102,-13.343846,1.5023925
E1963_85,-16.760283,1.2859263
E1964_690,11.326925,-1.3544155
E1965_670,16.024101,-2.296573
E1966_297,-2.9382637,2.1304967
E1967_706,9.931559,-1.3825133
E1968_550,4.660974,1.9084045
E1969_281,-2.3682413,-1.8079476
E1970_575,9.880327,-0.5522347
E1971_460,0.2576208,-4.2001143
E1972_516,4.9574065,-2.6780722
E1973_247,-5.3365417,1.9735979
E1974_399,2.0964558,3.5121787
E1975_181,-10.749292,0.631323
E1976_237,-5.8162475,0.501001
E1977_748,15.584439,-1.8059653
E1978_496,5.0174923,1.8585716
E1979_294,-0.80067104,3.4959066
E1980_476,3.9495437,2.2225075
E1981_486,1.3640219,3.4621303
E1982_325,-0.36374897,-3.7875617
E1983_639,12.40978,-2.2850945
E1984_302,-2.469305,-2.5843225
E1985_456,3.1824734,-3.1097043
E1986_403,1.2803088,3.7416048
E1987_35,-16.749413,0.52558833
E1988_363,-1.6326872,2.3014238
E1989_210,-7.4706497,0.8610026
E1990_38,-17.424414,-0.39563137
E1991_72,-16.913347,1.0521371
E1992_15,-18.681059,1.2379152
E1993_7,-19.01896,2.260567
E1994_790,17.872936,-1.1933185
E1995_54,-17.711952,1.9014808
E1996_83,-16.249258,-0.6485815
E1997_605,10.414676,-0.9550842
E1998_286,-2.257547,-2.6718726
E1999_297,-1.1986142,3.8938794
E2000_286,-0.5244237,-3.5346308
E2001_784,17.888449,-2.7809732
E2002_44,-16.50159,1.4661922
E2003_610,4.309294,-2.7127535
E2004_553,12.410643,-1.9551955
E2005_167,-9.231937,0.8010403
E2006_381,-0.26962346,-3.713989
E2007_563,5.166936,1.2832432
E2008_425,2.446271,-3.5697184
E2009_127,-11.318299,0.53256583
E2010_759,18.038235,-2.7021441
E2011_28,-16.453915,0.644253
E2012_384,-1.9371849,-2.6029797
E2013_183,-10.9552,1.5922796
E2014_731,18.491167,-2.1672745
E2015_239,-5.432148,0.9605784
E2016_371,-0.744728,4.0949802
E2017_430,0.03189825,-3.6916058
E2018_441,2.0254512,4.2308846
E2019_681,15.502482,-2.1206315
E2020_757,13.427119,-0.43025738
E2021_179,-12.860026,0.25454694
E2022_700,15.334346,-0.6535864
E2023_782,18.471636,-1.4304239
E2024_721,17.162966,-1.9878523
E2025_229,-6.3448505,1.236772
E2026_156,-11.603485,0.17364642
E2027_612,12.232879,-1.0619063
E2028_190,-15.320932,1.3668741
E2029_594,8.538139,-0.7997554
E2030_479,1.0584371,3.8208022
E2031_379,-1.1265669,4.4362082
E2032_168,-12.320988,0.4184058
E2033_385,-0.86698776,-3.621935
E2034_579,10.644809,-0.85323536
E2035_643,11.28499,-0.8218422
E2036_536,9.063573,-0.82832515
E2037_502,8.118734,0.25015184
E2038_759,14.915776,-1.80965
E2039_170,-12.071762,1.2659161
E2040_638,9.71126,-0.84001756
E2041_513,8.924132,-0.415539
E2042_762,16.213966,-2.1320372
E2043_369,-5.8455796,1.2745829
E2044_255,-6.0428953,1.193704
E2045_421,1.4180688,3.8537703
E2046_786,18.24748,-2.7311249
E2047_515,2.1914191,-3.5986938
E2048_415,0.20884116,3.664529
E2049_303,-1.7666693,3.4682713
E2050_473,0.487785,-3.7043335
E2051_215,-5.668859,1.8660237
E2052_331,-1.6564704,-3.0753758
E2053_202,-5.7118063,0.6626054
E2054_765,17.942852,-2.5559785
E2055_620,10.776989,0.5416536
E2056_356,1.7704505,3.6054676
E2057_573,10.200023,-1.9221063
E2058_560,10.588187,-0.189415
E2059_735,18.682766,-2.8597128
E2060_410,1.6632283,3.8020768
E2061_124,-13.791228,0.03855251
E2062_689,10.968605,-1.375158
E2063_394,1.4765567,4.236669
E2064_455,3.764356,-3.1125307
E2065_63,-16.08689,0.63033986
E2066_729,17.32634,-1.9804841
E2067_265,-4.53496,-0.62236077
E2068_624,3.9003508,-2.8120687
E2069_651,14.640056,-1.3048892
E2070_786,18.258366,-1.6239649
E2071_268,-5.6153774,1.4617028
E2072_33,-16.298344,1.9840913
E2073_430,-0.14837351,-4.544817
E2074_151,-12.375656,0.61060566
E2075_779,18.399126,-2.0011063
E2076_480,4.285198,1.9912922
E2077_634,12.792663,-0.70946914
E2078_498,4.712322,1.8018535
E2079_782,14.6941185,-1.55489
E2080_120,-11.206075,0.5115928
E2081_211,-9.320132,0.9954515
E2082_633,10.097607,-0.82113355
E2083_275,-2.3835852,-1.5596945
E2084_155,-12.861264,0.5930613
E2085_474,5.103638,1.4057375
E2086_460,-0.11766978,-4.0856586
E2087_450,-1.5213703,2.9655023
E2088_57,-16.302717,0.76509213
E2089_393,-2.3410227,-2.8735106
E2090_336,-2.0519547,-1.7244319
E2091_537,4.970899,1.6484159
E2092_174,-6.317398,0.8737039
E2093_59,-16.457165,0.9019845
E2094_170,-10.422223,0.66562897
E2095_649,12.899673,-1.6003144
E2096_456,4.075835,2.1299605
E2097_198,-10.481817,1.0627695
E2098_707,6.9871097,-0.7565886
E2099_423,4.6637683,2.0647452
E2100_637,12.867896,-0.7065034
E2101_385,-1.1491807,3.763429
E2102_658,14.467928,-1.0082718
E2103_298,-3.72001,1.8211048
E2104_357,-5.194836,1.0180745
E2105_102,-17.704426,0.63601834
E2106_236,-2.2970705,2.765489
E2107_585,2.7868745,-3.7179332
E2108_663,11.26297,-0.7042908
E2109_749,16.536087,-1.744055
E2110_150,-12.839373,1.6699928
E2111_534,6.8057995,-0.5470387
E2112_401,-1.9377289,-2.707515
E2113_384,-0.43223602,-3.8022394
E2114_513,1.465407,-4.1139126
E2115_158,-10.865847,0.96284866
E2116_632,10.124204,-1.1090754
E2117_351,-1.0493653,2.9369397
E2118_726,11.062046,-1.0113547
E2119_614,11.154411,-1.4662178
E2120_469,0.90012336,4.3908424
E2121_582,9.21742,-0.34766
E2122_690,15.292267,-1.480844
E2123_59,-16.792494,1.2415938
E2124_672,16.085238,-3.2686825
E2125_421,-0.118376166,-3.9053116
E2126_475,3.682556,2.4742663
E2127_303,-1.9817988,-3.5630772
E2128_757,17.12162,-1.2985528
E2129_372,1.5552386,3.4296858
E2130_336,-2.2236307,-2.9705722
E2131_264,-6.133709,1.1843208
E2132_237,-7.4444194,0.8493707
E2133_593,11.177692,-0.31792295
E2134_562,9.969336,-1.0895449
E2135_704,17.728558,-1.6689646
E2136_464,3.6151633,-2.9459255
E2137_701,17.32404,-1.3460819
E2138_56,-16.500624,1.5818962
E2139_616,6.8235993,0.41339916
E2140_241,-6.405588,1.7209997
E2141_766,10.802943,-1.0277088
E2142_198,-10.058214,1.2581867
E2143_73,-16.784319,1.6998425
E2144_723,14.003851,-3.5069602
E2145_792,18.517536,-1.3956287
E2146_365,0.56343526,4.2781324
E2147_177,-10.628676,0.21146548
E2148_92,-16.850035,1.1215494
E2149_690,17.408249,-2.4415536
E2150_182,-12.262518,0.8026264
E2151_4,-19.087236,1.9833461
E2152_620,11.279202,-0.9733749
E2153_611,10.247694,0.025698759
E2154_69,-16.437893,-0.08972557
E2155_84,-16.621824,1.1629512
E2156_87,-15.325296,1.219338
E2157_579,9.954068,-0.094091386
E2158_266,-5.3258696,0.8073414
E2159_127,-13.825697,1.2166486
E2160_709,17.22604,-2.410963
E2161_307,-1.9312458,-2.9612901
E2162_542,5.1401153,-1.5756195
E2163_192,-11.433446,1.4514792
E2164_381,-2.6127522,-3.1594257
E2165_650,14.598092,-1.0998826
E2166_425,2.5604308,3.845327
E2167_739,16.105518,-2.3692017
E2168_238,-11.733759,0.49559906
E2169_735,18.155666,-1.4513613
E2170_113,-11.133217,0.66649693
E2171_372,0.45193753,-4.364457
E2172_183,-9.004808,1.1399046
E2173_36,-18.508436,1.1658168
E2174_203,-6.8964033,0.5656263
E2175_135,-11.515547,1.0668858
E2176_592,9.710572,-0.039787315
E2177_787,15.70189,-1.5346559
E2178_462,-4.0771594,2.3485122
E2179_481,1.0249084,4.4685454
E2180_766,15.854965,-1.5232775
E2181_552,3.923003,2.2356093
E2182_489,-1.8520973,2.9940138
E2183_272,-2.3013034,2.9132204
E2184_685,4.7648716,1.8172096
E2185_36,-17.853132,0.47380093
E2186_270,-6.7295203,-0.00028260014
E2187_337,1.2141988,3.7760062
E2188_539,8.22674,1.1524844
E2189_251,-6.534351,1.2535653
E2190_741,15.149522,-0.78381705
E2191_452,1.1052966,-4.4752426
E2192_129,-12.638775,-0.33257273
E2193_224,-6.8296,1.1296437
E2194_16,-18.547424,1.3735626
E2195_585,8.873991,-2.5485961
E2196_277,-4.193149,-1.3347119
E2197_176,-10.832234,1.181631
E2198_189,-11.719071,1.4236163
E2199_70,-16.975903,1.8044722
E2200_120,-11.368539,1.59589
E2201_761,18.665033,-1.8692995
E2202_21,-17.902472,1.3715976
E2203_146,-16.828331,1.0494791
E2204_618,9.770588,-0.71154296
E2205_471,1.3979274,-3.697142
E2206_534,4.8769298,1.2739915
E2207_361,-1.3683871,-3.5480843
E2208_478,3.4782193,-3.1169662
E2209_455,1.3159992,-3.8725975
E2210_192,-11.641157,0.32372496
E2211_472,4.233195,-3.0798643
E2212_389,-0.14348714,3.8169525
E2213_639,9.8841505,-0.44568953
E2214_523,0.98957205,3.9400103
E2215_712,16.920458,-1.379996
E2216_263,-6.18685,1.4808521
E2217_596,9.996512,-0.078254625
E2218_634,14.459781,-0.8715615
E2219_649,12.6396,-1.9394429
E2220_763,18.102575,-2.1573925
E2221_644,11.268574,-1.1540773
E2222_223,-7.108855,1.1850349
E2223_168,-13.422048,0.65253997
E2224_4,-19.039974,2.3400908
E2225_447,1.1674274,3.408667
E2226_461,3.8977852,-2.436452
E2227_636,18.150665,-1.4619064
E2228_256,-3.6710877,2.0705338
E2229_269,-3.5179052,1.708865
E2230_538,3.7949264,2.4168208
E2231_444,1.2428917,3.6379464
E2232_509,7.879765,-1.6250564
E2233_232,-13.379173,0.95564246
E2234_106,-13.447248,0.7999272
E2235_673,16.238556,-1.7611773
E2236_364,-5.2059045,1.6402017
E2237_229,-6.772456,0.7478268
E2238_616,13.892925,-2.3175116
E2239_39,-17.933107,0.87050045
E2240_418,1.2745711,3.911975
E2241_713,18.331415,-1.2276437
E2242_437,-0.13424723,3.7033763
E2243_265,-1.8598976,3.0144007
E2244_744,10.609499,-0.40771288
E2245_193,-11.697208,0.8732685
E2246_218,-5.576577,1.4673419
E2247_475,4.444547,2.1384807
E2248_783,16.510038,-1.7331177
E2249_710,17.909166,-1.3930311
E2250_366,-1.7022773,3.7546308
E2251_708,17.864939,-2.2357244
E2252_652,13.616668,-2.044668
E2253_304,-1.0953898,3.0094683
E2254_150,-15.331708,0.29342535
E2255_201,-12.516598,1.6975394
E2256_659,16.785637,-1.3156062
E2257_705,10.320086,-0.19653086
E2258_270,-2.1236825,-1.3142246
E2259_417,0.5464534,-4.332268
E2260_210,-5.0714307,1.4689043
E2261_430,1.4038805,3.805325
E2262_158,-8.660851,1.3367056
E2263_198,-5.4917192,1.2261288
E2264_759,14.7559595,-1.7260052
E2265_174,-10.303731,1.6946605
E2266_110,-15.65536,0.21229662
E2267_0,-19.233862,2.30887
E2268_622,14.053329,-1.1299591
E2269_516,4.8953233,1.3430612
E2270_425,0.62418216,-4.1230316
E2271_339,-0.4326538,4.0303516
E2272_86,-17.016987,1.5989072
E2273_136,-11.509867,1.2156346
E2274_664,14.22954,-1.3384298
E2275_781,14.146869,-1.8459418
E2276_415,0.42426062,-4.5728292
E2277_324,-0.808431,3.7131636
E2278_170,-15.266328,0.8019003
E2279_101,-13.858934,0.45733052
E2280_52,-16.989513,1.6849697
E2281_79,-16.005539,1.0517036
E2282_283,-1.871065,3.7228389
E2283_578,6.191236,0.8095316
E2284_606,8.197101,-0.703264
E2285_313,-2.1144915,0.25149965
E2286_777,18.444965,-1.7216778
E2287_629,16.17542,-2.522103
E2288_108,-17.0456,0.44193813
E2289_605,9.901329,-2.009768
E2290_658,11.177171,-0.7271326
E2291_604,13.807623,-1.1493534
E2292_765,18.338772,-0.95090705
E2293_558,5.957667,0.7911248
E2294_494,1.0511452,-4.3426075
E2295_760,18.663301,-2.0084872
E2296_589,14.0482435,-2.0376205
E2297_449,2.384764,3.6057189
E2298_637,10.772206,-1.2203254
E2299_53,-16.817461,0.39292273
E2300_616,2.8797786,-3.2834167
E2301_414,4.555576,2.0240116
E2302_596,11.4822855,-1.3356006
E2303_525,3.082826,-3.3350415
E2304_251,-4.0773377,-0.9290115
E2305_591,11.790132,-2.554063
E2306_79,-15.467796,2.445601
E2307_123,-14.820166,0.30752265
E2308_564,15.456195,-1.0024072
E2309_302,-5.739962,1.7344565
E2310_505,3.8957088,-2.8406208
E2311_161,-12.72789,0.79821306
E2312_666,14.760874,-1.2509329
E2313_350,-1.1565561,3.8308067
E2314_254,-6.9901004,1.0314513
E2315_701,12.8385105,-0.44478962
E2316_183,-10.939046,0.7891783
E2317_159,-13.559064,1.2177675
E2318_520,3.811723,-2.8111975
E2319_679,13.222444,-1.3155273
E2320_420,3.535527,-3.3506641
E2321_509,4.2146964,-2.8465643
E2322_74,-17.309612,1.6020879
E2323_314,-0.9959694,3.254389
E2324_545,4.3746843,-3.1912715
E2325_786,14.480088,-1.9989896
E2326_17,-17.467127,0.71204346
E2327_120,-12.8703165,0.93918824
E2328_629,13.430294,-0.78331876
E2329_342,-2.289095,-1.7667751
E2330_649,9.321113,-2.549636
E2331_453,1.069369,3.9440973
E2332_500,3.7421157,-2.5908718
E2333_154,-13.768547,0.39320806
E2334_298,-2.448267,-0.5094037
E2335_142,-10.911027,0.6851574
E2336_86,-13.5274315,1.3619341
E2337_122,-13.456178,0.96622396
E2338_17,-18.226439,1.3657796
E2339_241,-5.9470153,0.49822876
E2340_573,14.113669,-0.7736598
E2341_10,-19.103683,1.7603786
E2342_152,-12.975124,0.55189645
E2343_26,-17.0839,1.4654791
E2344_170,-6.1687007,1.2567161
E2345_546,9.381465,-2.2658758
E2346_207,-5.2417808,2.1408439
E2347_15,-17.523138,0.36596727
E2348_204,-9.665605,1.1065177
E2349_187,-11.902372,0.090878524
E2350_486,7.0299964,-0.815631
E2351_587,4.666623,-2.9301636
E2352_253,-5.495315,1.2110171
E2353_549,4.4384513,1.6043295
E2354_270,-6.4945836,0.43997
E2355_746,11.010128,0.20414431
E2356_201,-6.3931546,1.1616573
E2357_322,-5.82422,0.25680614
E2358_189,-11.035029,1.27315
E2359_423,-0.6249703,-3.5372806
E2360_63,-16.032822,1.2181853
E2361_508,1.446877,-3.706852
E2362_23,-17.822882,1.3424861
E2363_133,-12.128871,1.6654246
E2364_789,16.041037,-1.656401
E2365_777,18.027498,-1.4859793
E2366_200,-5.9226375,1.451506
E2367_187,-10.792365,0.8293254
E2368_132,-14.710624,1.1613964
E2369_655,14.095619,-2.5591075
E2370_535,7.2645283,-1.0597444
E2371_398,0.7530575,-4.072362
E2372_769,17.914011,-3.096843
E2373_586,9.370113,1.2640641
E2374_685,14.305275,-2.3643646
E2375_725,17.727262,-1.2809182
E2376_200,-5.3108983,1.342527
E2377_71,-17.415026,0.8047499
E2378_356,-1.94707,-3.828937
E2379_474,3.9731195,2.1437044
E2380_46,-17.041649,0.79953635
E2381_99,-16.233824,0.059531543
E2382_684,7.4439583,-0.93367714
E2383_703,10.325251,-0.2484399
E2384_281,-1.9282476,3.0266597
E2385_234,-5.342371,1.6100382
E2386_252,-4.114419,2.0548353
E2387_389,-0.21775389,-4.2502475
E2388_749,18.658829,-1.8751848
E2389_180,-7.53832,0.7760093
E2390_240,-9.829332,0.8791416
E2391_370,-1.174792,3.143891
E2392_440,1.8617448,3.4085126
E2393_93,-18.271088,0.77424777
E2394_201,-12.111978,1.6112912
E2395_357,-1.853311,-2.736802
E2396_663,14.470039,-1.8027123
E2397_178,-11.697491,0.9732794
E2398_486,1.8424215,-3.8474593
E2399_37,-17.11569,1.54947
E2400_314,-5.0215535,0.20383225
E2401_521,4.7118273,1.5494992
E2402_757,11.889791,-1.1969972
E2403_6,-18.889515,2.12627
E2404_418,-1.9730766,-2.229786
E2405_173,-11.612124,0.9987486
E2406_606,10.384156,-1.5289471
E2407_154,-12.44422,1.1458341
E2408_244,-3.788267,2.1343904
E2409_594,-4.498083,-0.7493463
E2410_794,18.126394,-1.7932513
E2411_752,17.941439,-2.7395215
E2412_417,-0.016203208,4.0685844
E2413_31,-17.98439,1.3880368
E2414_121,-12.178142,0.8645495
E2415_38,-16.671371,1.105669
E2416_25,-17.950453,0.944831
E2417_691,15.264293,-1.7977228
E2418_272,-5.3771796,0.60690004
E2419_583,11.135639,-1.8160638
E2420_736,17.527016,-3.086767
E2421_519,3.0389407,2.9389565
E2422_597,10.627708,0.4620494
E2423_361,0.122027285,-3.6805098
E2424_56,-17.566109,0.39316005
E2425_260,-1.5017623,3.0464432
E2426_207,-6.398357,1.1796265
E2427_705,16.59717,-1.4756908
E2428_319,-4.817708,0.071818374
E2429_378,-1.0991423,1.9704906
E2430_248,-5.2323785,1.5207183
E2431_726,14.878951,-1.1864556
E2432_744,14.930143,-1.1179042
E2433_309,-5.8737125,0.8292718
E2434_340,-1.9201294,-3.0897615
E2435_219,-6.7344017,0.12398242
E2436_709,18.466064,-2.924922
E2437_140,-11.857857,1.7714112
E2438_626,4.340598,-2.506731
E2439_126,-12.714517,0.67246526
E2440_363,-0.6837608,4.244861
E2441_355,0.025622044,4.4015007
E2442_720,10.9443035,-0.02208954
E2443_763,14.893245,-1.0218558
E2444_459,7.349636,-0.60155797
E2445_737,17.696726,-1.2533728
E2446_741,14.141621,-1.2333953
E2447_61,-16.26692,1.3638687
E2448_279,-2.9089093,-1.9682685
E2449_461,2.2234902,3.2582724
E2450_775,16.131292,-1.0920861
E2451_125,-12.07125,1.342784
E2452_1,-19.175627,2.1707397
E2453_501,4.435604,2.2177615
E2454_790,17.606972,-2.9937754
E2455_451,3.379249,2.7995129
E2456_774,18.439133,-2.3958657
E2457_441,3.973793,-3.0042508
E2458_4,-19.016457,1.9183865
E2459_113,-11.647375,0.32685778
E2460_229,-5.9239755,1.7271436
E2461_235,-5.203302,1.4337474
E2462_612,3.5096176,-3.2023072
E2463_271,-4.7055483,-0.29648995
E2464_638,10.5422,-1.5700347
E2465_456,3.4285371,-3.4615757
E2466_273,-9.161877,0.6165792
E2467_705,18.440594,-1.8755282
E2468_351,-0.5301405,4.369253
E2469_475,4.2951384,2.5422676
E2470_293,-2.0100572,1.7952341
E2471_541,1.5281487,3.3830829
E2472_723,15.466952,-2.0242944
E2473_493,6.3863745,-0.8998514
E2474_420,3.8603153,-2.9502358
E2475_701,7.4870424,-0.6802377
E2476_697,17.138046,-1.4006667
E2477_594,9.439487,-2.551404
E2478_602,11.6748705,-0.6663838
E2479_500,4.686129,2.2724693
E2480_502,1.2326802,-3.5002956
E2481_18,-18.545034,1.4253154
E2482_268,-10.478728,0.80747044
E2483_367,0.5302444,-4.6781588
E2484_158,-11.870907,2.081393
E2485_706,18.071764,-2.003686
E2486_346,0.11618223,-3.5594985
E2487_690,11.28399,-1.3469636
E2488_604,10.005726,-0.14765619
E2489_188,-12.005187,1.5639764
E2490_172,-10.945105,1.4771234
E2491_715,14.253523,-1.7743207
E2492_701,17.635433,-2.3977401
E2493_799,15.045353,-2.4020832
E2494_657,1.9517353,-3.3144698
E2495_598,15.195167,-2.2113495
E2496_616,11.560772,0.13353923
E2497_22,-17.531132,1.3348399
E2498_705,17.34243,-1.7989624
E2499_417,1.2190588,4.0607033
E2500_760,18.043468,-2.1097672
E2501_450,-3.3256488,0.59128565
E2502_685,18.570147,-2.7409062
E2503_287,-2.4175034,-3.1603768
E2504_413,-1.6142795,2.8367095
E2505_572,10.169201,-1.6144918
E2506_528,2.8058505,-3.491213
E2507_436,1.3426975,3.8786032
E2508_93,-11.699432,1.7798754
E2509_560,4.405242,2.008547
E2510_375,-5.711129,0.45910767
E2511_138,-11.14855,0.8508131
E2512_527,2.0652628,3.5748625
E2513_579,8.914078,-0.79189205
E2514_661,14.960755,-0.84600174
E2515_97,-16.071745,0.55642605
E2516_98,-15.733059,0.31967792
E2517_521,7.540598,-0.6869241
E2518_20,-18.283813,1.1339391
E2519_609,3.7009587,2.5180364
E2520_537,10.06988,-0.88213503
E2521_181,-9.90963,0.4963203
E2522_351,-1.4977303,-3.80148
E2523_107,-15.330454,1.581464
E2524_677,10.070919,0.7484015
E2525_778,16.2103,-1.6926477
E2526_368,-1.1598318,-3.648458
E2527_461,4.534383,1.7749591
E2528_162,-11.31123,1.77063
E2529_231,-5.8896227,2.4547062
E2530_362,-0.95705503,-3.270554
E2531_1,-19.183886,2.241992
E2532_719,14.84281,-1.4816535
E2533_636,14.731139,-0.9620156
E2534_257,-5.59777,-0.055773754
E2535_217,-5.5244193,1.665313
E2536_274,-5.588057,0.23681705
E2537_27,-18.437405,0.98290986
E2538_648,12.255192,-1.4934576
E2539_380,-2.4852622,-2.2717226
E2540_374,1.6472218,3.8259065
E2541_463,0.8686686,4.318862
E2542_446,2.3766944,-3.2959301
E2543_448,4.4284444,1.9287707
E2544_465,2.4533901,3.2367692
E2545_15,-18.581854,1.9240526
E2546_561,8.271442,-0.53493637
E2547_230,-6.174656,0.8038823
E2548_676,10.418355,-0.5886327
E2549_130,-10.833195,1.6617987
E2550_662,12.62768,-2.3219316
E2551_440,0.61041754,4.229968
E2552_482,1.4273587,3.5486314
E2553_199,-6.4796486,1.3682542
E2554_750,18.187147,-1.1538402
E2555_549,10.108136,-1.5335021
E2556_444,2.3288715,-3.5082808
E2557_356,-1.4417404,3.6030428
E2558_669,10.567853,-1.2044823
E2559_170,-11.205307,0.49273401
E2560_71,-16.56514,0.9997789
E2561_750,18.441824,-2.6591573
E2562_750,17.73847,-2.3492973
E2563_216,-5.253063,1.6989797
E2564_721,13.442536,-0.9430057
E2565_292,-1.6152014,-2.7962182
E2566_106,-13.4314,0.94266164
E2567_499,4.623486,-2.0049713
E2568_685,10.207722,-0.4724839
E2569_667,18.888323,-1.822378
E2570_741,14.033416,-0.5308246
E2571_15,-18.495543,1.5624564
E2572_40,-16.552683,1.171773
E2573_281,-5.145672,0.84905857
E2574_455,-1.4864628,3.420404
E2575_183,-11.397086,1.0872597
E2576_245,-6.9378285,1.6218563
E2577_65,-16.14621,1.514157
E2578_63,-16.404453,0.80558187
E2579_204,-5.610681,1.5073366
E2580_329,-1.2699031,3.2845228
E2581_3,-19.142227,2.197284
E2582_97,-13.101821,1.0078686
E2583_333,0.4475082,3.783422
E2584_323,-1.4078406,-3.3959732
E2585_194,-5.644373,0.6587998
E2586_251,-2.8575323,-2.7203095
E2587_541,0.29100192,4.1481524
E2588_765,18.172064,-1.6346799
E2589_304,-4.7442846,1.4562268
E2590_755,14.397817,-1.4045936
E2591_44,-16.8098,-0.043433674
E2592_634,10.5312,-1.088782
E2593_445,2.5732367,3.1262028
E2594_4,-18.970633,1.8497051
E2595_286,-4.739922,1.4068536
E2596_251,-5.5455704,1.0753635
E2597_502,1.2168595,-4.3739595
E2598_638,12.400311,-1.1871724
E2599_70,-16.00066,0.70757365
E2600_565,7.8816633,-0.69271994
E2601_640,4.6282105,1.9850999
E2602_414,0.710534,-3.9430768
E2603_744,18.506733,-1.9312295
E2604_328,-2.0191295,-2.8016064
E2605_336,-2.4535348,-1.2828872
E2606_454,3.6442368,-3.2799208
E2607_167,-11.392105,0.72561175
E2608_244,-3.1700668,0.94002306
E2609_98,-11.587531,0.96734995
E2610_134,-11.04799,0.7047856
E2611_552,2.3844297,3.632735
E2612_689,11.163948,0.06881943
E2613_750,18.457382,-2.3565254
E2614_662,14.564408,-2.6190045
E2615_307,-1.365112,2.6855514
E2616_278,-3.1503544,2.3112822
E2617_450,0.14794439,-4.5395484
E2618_67,-17.232414,2.2643988
E2619_167,-11.525576,0.5815091
E2620_47,-18.584278,0.9747617
E2621_460,2.0353904,3.584627
E2622_725,17.562483,-1.8121369
E2623_706,17.890516,-2.5012887
E2624_490,4.331691,1.876796
E2625_206,-6.771572,0.96108955
E2626_364,0.5646938,-4.672589
E2627_258,-5.2805934,1.085977
E2628_435,3.117205,2.7475634
E2629_594,6.456005,-0.1399564
E2630_10,-18.445856,1.8939675
E2631_181,-10.27923,0.9348698
E2632_700,10.910335,-1.251725
E2633_466,3.0243816,-3.2267807
E2634_163,-6.876292,1.9996682
E2635_491,4.5671535,1.7433016
E2636_198,-10.904086,0.7961201
E2637_748,18.061659,-2.613277
E2638_269,-5.19886,1.751217
E2639_600,11.0729065,-1.5381767
E2640_431,0.40182412,-4.153253
E2641_47,-16.735153,1.827597
E2642_103,-11.804498,1.3159771
E2643_432,-3.3723416,-2.3655064
E2644_746,18.24373,-1.4323186
E2645_272,-5.1840096,2.0113401
E2646_236,-6.5776353,1.7654622
E2647_469,4.6022367,1.2596171
E2648_399,-2.5529768,-0.5613872
E2649_130,-11.454714,0.55907774
E2650_502,2.6729636,-3.3163683
E2651_161,-6.113575,0.9683431
E2652_597,8.240863,-0.6459866
E2653_508,5.497062,-0.68273205
E2654_761,15.720957,-1.5167203
E2655_659,12.188208,-1.3413185
E2656_30,-16.44736,1.364971
E2657_491,4.2028103,1.8023787
E2658_521,0.9568342,-3.5904262
E2659_554,8.171535,-2.7801187
E2660_529,2.3539722,3.139888
E2661_665,17.481123,-1.7627131
E2662_742,14.632308,-2.3744886
E2663_293,-2.8857207,-2.1011295
E2664_111,-17.155594,-0.36825386
E2665_206,-6.3910723,1.1403244
E2666_161,-6.3905053,0.48948678
E2667_571,8.55534,-0.9243307
E2668_383,-1.2755561,3.616719
E2669_216,-10.65909,1.2258468
E2670_277,-4.7055235,2.9476552
E2671_4,-18.998522,1.9911339
E2672_264,-3.2742105,1.3893638
E2673_202,-11.832818,0.97164565
E2674_798,13.631995,-1.4007567
E2675_371,0.2983258,-3.9473064
E2676_363,-1.3506123,-3.3965662
E2677_485,2.5896697,3.0182312
E2678_768,17.978422,-2.2913337
E2679_84,-17.880993,1.5574723
E2680_593,7.2612753,-0.6011838
E2681_336,-0.9066092,-3.4836195
E2682_336,0.13339864,-4.3882804
E2683_577,4.5160537,-2.6230555
E2684_211,-7.4488096,0.87292963
E2685_530,0.39191848,-3.5598857
E2686_271,-5.255366,0.55731183
E2687_368,0.23012158,3.6259758
E2688_463,-0.016088279,-4.45209
E2689_521,4.113843,-2.6779003
E2690_69,-16.815285,1.1751118
E2691_341,-3.9355114,0.039572664
E2692_445,0.8727901,-3.8761654
E2693_151,-11.447323,0.5879015
E2694_150,-12.203577,-0.21903773
E2695_385,-1.1866452,-3.687562
E2696_116,-12.964219,0.41045293
E2697_82,-15.993086,0.48139155
E2698_124,-17.029268,1.0354693
E2699_375,-4.8145337,-0.46967727
E2700_441,0.1722169,4.536513
E2701_344,-3.1932437,0.17355362
E2702_211,-10.53064,1.1849716
E2703_314,-1.4058437,-3.7840922
E2704_72,-17.463125,-0.015052356
E2705_410,-0.0784242,-4.389621
E2706_158,-10.585741,1.5842767
E2707_685,14.010868,-1.805573
E2708_638,7.623122,-0.6692013
E2709_272,-1.9107817,-1.7263966
E2710_22,-17.615328,1.0695829
E2711_114,-11.359867,0.37221912
E2712_39,-16.747057,1.7031418
E2713_505,1.4781659,-3.6911604
E2714_59,-17.104013,1.3134884
E2715_378,1.2434126,4.130312
E2716_458,2.2372286,3.3769233
E2717_518,3.5981946,-3.0279646
E2718_240,-5.359015,1.0712516
E2719_91,-14.341265,0.74638
E2720_367,-1.8636625,2.9781632
E2721_526,3.9168289,2.5393305
E2722_48,-18.659473,0.671413
E2723_407,0.7803414,-4.5421934
E2724_431,3.723063,-2.9658194
E2725_649,16.685133,-1.6015484
E2726_671,10.394091,-1.7612028
E2727_412,-1.9496188,1.886982
E2728_663,13.949866,-1.4878602
E2729_507,4.3330336,2.237148
E2730_40,-16.966745,0.23191674
E2731_789,15.113389,-2.1403778
E2732_114,-17.682571,1.2243626
E2733_316,-0.8024995,3.4357977
E2734_189,-5.4849873,2.1876767
E2735_65,-17.211668,1.4876801
E2736_421,-1.1190382,-2.7038934
E2737_179,-11.362906,0.342981
E2738_116,-14.398104,1.2399846
E2739_383,-1.8687001,-3.141865
E2740_27,-18.1337,0.5455283
E2741_81,-15.37591,1.0467305
E2742_60,-17.245682,0.7763116
E2743_696,11.310795,-0.508557
E2744_614,12.641989,-1.5235342
E2745_624,3.718806,-3.3726852
E2746_172,-11.864077,1.6521336
E2747_308,-4.9002347,2.0792656
E2748_177,-11.246297,0.7833988
E2749_700,10.181405,-0.6436135
E2750_580,14.434448,-2.2625604
E2751_130,-11.844573,1.314176
E2752_83,-14.0747385,1.3090982
E2753_329,-5.2639503,1.3310145
E2754_592,11.939723,-1.1975387
E2755_560,10.178554,0.5428944
E2756_116,-13.085318,0.18077892
E2757_478,8.516067,-1.4045854
E2758_678,12.472782,-1.3078747
E2759_338,-1.5446618,4.2632484
E2760_543,9.964576,-2.227222
E2761_605,10.792649,0.521414
E2762_633,11.090823,-1.252302
E2763_620,15.930403,-1.2173237
E2764_725,18.170639,-1.7186923
E2765_766,18.100197,-1.8345494
E2766_336,-3.5361445,-0.73556775
E2767_731,17.497946,-1.4782264
E2768_217,-8.794073,1.120653
E2769_221,-5.0184193,0.72189444
E2770_437,3.9219503,2.2727795
E2771_637,18.044065,-1.2751421
E2772_19,-18.725405,1.1417896
E2773_362,-1.3040856,2.7922325
E2774_453,1.4160434,-3.9235785
E2775_600,10.208884,-0.29567102
E2776_520,9.56864,-1.0829948
E2777_744,16.12437,-2.3766
E2778_368,-0.4573396,3.90934
E2779_684,12.388973,-0.024170678
E2780_97,-13.540016,0.8344253
E2781_676,15.094734,-1.5115825
E2782_76,-17.71139,0.70568985
E2783_247,-5.293206,1.3127573
E2784_576,11.130881,-0.5938083
E2785_110,-13.819283,0.82245827
E2786_106,-13.425596,1.0354367
E2787_793,18.122206,-1.7585677
E2788_306,-1.7614421,3.3787284
E2789_225,-5.1737094,1.1635242
E2790_222,-10.111779,0.79802144
E2791_286,-2.0275743,-1.4919857
E2792_751,14.698387,-1.199712
E2793_111,-14.358682,0.88810956
E2794_20,-17.469349,0.91374993
E2795_471,4.633746,1.6339959
E2796_750,18.5827,-2.0413992
E2797_663,14.267491,-1.4505363
E2798_191,-5.888356,2.0293124
E2799_751,17.460703,-2.2474117
E2800_118,-13.326226,0.90426403
E2801_449,0.32114807,3.6795366
E2802_409,0.51897955,-3.4266996
E2803_84,-14.233852,1.058446
E2804_267,-5.4057612,1.2427995
E2805_606,5.7472744,0.987307
E2806_443,5.4756446,0.6547357
E2807_677,18.335794,-1.0424336
E2808_44,-17.346996,1.0746489
E2809_23,-18.71552,1.8017763
E2810_134,-13.43163,1.6426522
E2811_705,11.720193,-0.6717087
E2812_23,-17.670874,2.3351262
E2813_690,13.4185095,-0.8285383
E2814_518,6.448841,-2.1037638
E2815_798,17.741558,-2.2003179
E2816_328,-6.0902824,1.3785151
E2817_742,2.2032413,3.4534998
E2818_232,-1.2614329,3.572604
E2819_656,10.7523155,-0.17391142
E2820_703,17.16017,-0.5328663
E2821_620,9.872282,-1.0992575
E2822_212,-5.6697235,1.7181557
E2823_512,10.449487,-0.92866325
E2824_306,-5.1308327,-0.3387084
E2825_369,-1.9233242,-3.2138224
E2826_64,-17.197487,0.31092924
E2827_90,-17.14736,0.53984284
E2828_429,0.3815546,3.7929199
E2829_326,-3.805344,2.322781
E2830_56,-16.956493,1.7675576
E2831_623,11.139897,-1.0583854
E2832_715,10.695644,-0.79660696
E2833_24,-18.078129,1.4730123
E2834_333,-1.7871312,-2.5951414
E2835_406,-0.5227093,3.7215893
E2836_329,-0.6658124,3.3252275
E2837_441,4.114468,1.8668857
E2838_228,-8.747723,1.1044127
E2839_60,-17.028635,0.83479756
E2840_90,-14.856264,1.463839
E2841_158,-12.251222,-0.20064966
E2842_795,18.70541,-1.9438689
E2843_702,13.115058,-2.0372694
E2844_643,13.347337,-0.80485606
E2845_183,-11.099994,0.08280499
E2846_505,3.8220255,-3.2105923
E2847_447,0.30543151,-3.885907
E2848_309,-1.32771,3.8641655
E2849_399,-2.2607572,-3.4251735
E2850_501,5.936311,1.4206097
E2851_79,-13.355585,0.25728473
E2852_673,13.069555,-1.325607
E2853_303,-2.3504593,3.308645
E2854_288,-2.660779,2.6829174
E2855_378,-2.2917767,-2.6780803
E2856_703,14.165873,-2.1286771
E2857_757,16.999533,-2.3264494
E2858_377,-1.8061635,-2.746046
E2859_635,14.522851,-2.3462887
E2860_102,-13.709599,0.77635074
E2861_753,18.296318,-2.4360476
E2862_110,-14.745947,0.71990734
E2863_382,1.239701,3.8812666
E2864_299,1.1009599,-4.1656146
E2865_18,-17.879637,2.280435
E2866_708,16.460913,-1.7819145
E2867_615,14.513661,-1.461742
E2868_170,-12.837355,0.7817907
E2869_190,-5.728857,1.6759081
E2870_356,-1.1082306,4.147494
E2871_113,-15.472894,0.91483027
E2872_115,-15.452467,1.343972
E2873_166,-12.597349,1.8315775
E2874_464,1.8660605,4.131324
E2875_546,5.2747464,-0.77559006
E2876_617,4.838818,-2.9931147
E2877_448,3.1926167,-3.1263607
E2878_602,9.961493,-0.86946887
E2879_753,17.649601,-1.974826
E2880_84,-16.865194,-0.50992984
E2881_68,-16.346365,1.2575154
E2882_413,-1.788928,-2.6158376
E2883_581,11.350722,-1.0898589
E2884_166,-13.978525,1.5063263
E2885_16,-17.486095,2.1111948
E2886_429,-1.4528054,3.2898512
E2887_154,-17.251238,1.1041448
E2888_32,-16.925528,-0.2566895
E2889_397,0.8340975,-4.2349887
E2890_175,-11.030944,1.3231467
E2891_33,-16.873693,0.56737196
E2892_750,17.233576,-2.0087066
E2893_358,-1.7382946,-3.3332253
E2894_708,11.985637,-0.8514738
E2895_362,0.0881106,3.9290695
E2896_399,0.51348746,3.676568
E2897_294,-5.5304976,0.31767374
E2898_101,-16.066206,1.2075955
E2899_343,-2.6840456,-0.5116795
E2900_330,-2.2763662,-0.95102584
E2901_165,-9.161038,0.96586
E2902_6,-18.431684,2.0768814
E2903_461,1.8030593,4.100176
E2904_434,2.4089336,-3.68682
E2905_85,-14.602563,1.1005402
E2906_772,18.064444,-1.2435817
E2907_420,-0.31486902,-3.4604824
E2908_670,12.218033,-0.93754613
E2909_284,-0.8688097,3.780948
E2910_479,3.423149,-3.0679379
E2911_292,-11.016465,1.9415714
E2912_778,15.114938,-1.6203531
E2913_617,9.349726,-1.6201861
E2914_235,-5.800118,1.9104325
E2915_296,-1.745691,-2.8394454
E2916_631,9.220518,-1.3045952
E2917_460,0.66574687,-4.3537016
E2918_347,-6.6735635,0.54934686
E2919_222,-6.010882,2.1288664
E2920_521,4.928429,-1.9170705
E2921_493,1.5216197,3.3563898
E2922_491,4.1063275,2.12176
E2923_60,-17.13259,1.2554176
E2924_338,-3.2316499,1.1780629
E2925_574,10.030301,0.2305565
E2926_656,15.34619,-1.411552
E2927_651,13.048666,-1.4677516
E2928_339,-0.7906713,-3.9560368
E2929_777,17.92333,-1.7431724
E2930_633,10.15727,-0.9115519
E2931_546,9.846073,-0.567182
E2932_522,4.5356903,1.8742094
E2933_48,-16.945076,0.9760666
E2934_320,-1.5386707,3.1837227
E2935_483,10.198332,-0.8122372
E2936_717,14.124843,-2.2742074
E2937_222,-9.619376,0.7371801
E2938_344,-0.53099644,3.5885293
E2939_135,-12.752173,1.4573079
E2940_162,-11.027068,1.1364099
E2941_166,-11.8503685,0.3033431
E2942_638,14.839219,-1.901224
E2943_109,-13.293929,0.86213976
E2944_584,5.4515514,-0.20787306
E2945_374,0.19228487,-4.0545144
E2946_285,-4.7731547,-0.02510386
E2947_495,7.086537,0.07543712
E2948_210,-7.2238555,1.0137781
E2949_268,-13.810914,0.50356287
E2950_400,-2.0282662,-3.110936
E2951_21,-17.807035,1.801976
E2952_75,-17.247547,-0.031879183
E2953_55,-16.243261,0.3195672
E2954_267,-3.003748,2.4205089
E2955_475,1.1805481,3.2507606
E2956_540,0.25545523,-4.2308903
E2957_734,14.210744,-0.4612245
E2958_494,3.2752512,-3.344226
E2959_269,-4.498128,2.004695
E2960_250,-5.3322425,2.0593178
E2961_352,-3.961307,1.6108197
E2962_462,-0.1966939,-3.9639125
E2963_757,18.187866,-2.5300403
E2964_156,-12.569638,1.2496024
E2965_729,18.095673,-2.152117
E2966_593,5.507534,1.1983783
E2967_560,2.6118464,3.2514741
E2968_330,-2.2246869,-2.8755352
E2969_416,-1.1914952,-3.290734
E2970_331,-2.7193968,1.2187635
E2971_519,3.8908367,1.5850375
E2972_67,-17.57746,0.24274927
E2973_252,-7.94897,1.3400257
E2974_7,-19.061907,2.0959785
E2975_100,-12.285392,0.5300303
E2976_711,14.407958,-2.3023071
E2977_192,-11.289212,0.40681309
E2978_454,3.098147,-3.266815
E2979_395,1.6039698,3.8825097
E2980_649,13.1468315,-1.6781291
E2981_408,0.23173411,-4.488538
E2982_386,-3.050666,-2.093477
E2983_652,14.344704,-1.4564387
E2984_110,-12.301842,0.91424185
E2985_316,-1.6890742,-2.2711365
E2986_272,-5.250604,1.3929056
E2987_670,14.262122,-1.811526
E2988_440,0.3225454,-4.177279
E2989_643,14.756574,-0.79931056
E2990_196,-11.747664,1.4084227
E2991_557,10.757471,0.15190789
E2992_259,-5.216627,1.726766
E2993_464,4.443616,2.2185693
E2994_446,0.23946345,4.0402303
E2995_220,-5.7497115,1.1490349
E2996_537,4.6074653,1.6344357
E2997_319,-0.9056721,3.591334
E2998_96,-16.162878,0.84211373
E2999_411,1.7686739,3.6669245
